[23:24:33] [main/INFO] ========================================
[23:24:33] [main/INFO] Minecraft: 1.20.1
[23:24:33] [main/INFO] Side: server
[23:24:33] [main/INFO] Development: false
[23:24:33] [main/INFO] Version: 12.0.684
[23:24:33] [main/INFO] Loader:
[23:24:33] [main/INFO] - Fabric: 0.18.2
[23:24:33] [main/INFO] - Fabric API: 0.92.0+1.20.1
[23:24:33] [main/INFO] Dependencies:
[23:24:33] [main/INFO] - Cloth Config: 11.1.118
[23:24:33] [main/INFO] - Architectury: 9.1.12
[23:24:33] [main/INFO] Mixin: 0.8.7
[23:24:33] [main/INFO] OS: Linux 6.8.0-1044-azure (amd64)
[23:24:33] [main/INFO] Java: 17.0.18 (Ubuntu)
[23:24:33] [main/INFO] ========================================
[23:24:33] [main/INFO] Mods:
[23:24:33] [main/INFO] - ad_astra: 1.15.18
[23:24:33] [main/INFO] - ad_astra_giselle_addon: 6.5
[23:24:33] [main/INFO] - additionalentityattributes: 1.3.0+1.20.0
[23:24:33] [main/INFO] - advancednetherite: 2.0.2-1.20.1
[23:24:33] [main/INFO] - adventurez: 1.4.20
[23:24:33] [main/INFO] - alternate-current: 1.7.0
[23:24:33] [main/INFO] - animal_feeding_trough: 1.0.3+1.20.1
[23:24:33] [main/INFO] - another_furniture: 1.20.1-3.0.1
[23:24:33] [main/INFO] - aopalliance_aopalliance: 1.0
[23:24:33] [main/INFO] - apoli: 2.9.0
[23:24:33] [main/INFO] - appleskin: 2.5.1+mc1.20
[23:24:33] [main/INFO] - archers: 1.0.7+1.20.1
[23:24:33] [main/INFO] - architectury: 9.1.12
[23:24:33] [main/INFO] - armorstatues: 8.0.5
[23:24:33] [main/INFO] - attributefix: 21.0.4
[23:24:33] [main/INFO] - autotag: 2.0.2+1.20
[23:24:33] [main/INFO] - autotag-convention: 2.0.2+1.20
[23:24:33] [main/INFO] - axesareweapons: 1.7.3
[23:24:33] [main/INFO] - azurelib: 2.0.20
[23:24:33] [main/INFO] - azurelibarmor: 2.0.3
[23:24:33] [main/INFO] - badpackets: 0.4.3
[23:24:33] [main/INFO] - balm-fabric: 7.2.2
[23:24:33] [main/INFO] - barteringstation: 8.0.0
[23:24:33] [main/INFO] - beautify: 1.1.0+1.20
[23:24:33] [main/INFO] - bettercombat: 1.8.4+1.20.1
[23:24:33] [main/INFO] - betterdeserttemples: 1.20-Fabric-3.0.3
[23:24:33] [main/INFO] - betterdungeons: 1.20-Fabric-4.0.3
[23:24:33] [main/INFO] - betterendisland: 1.20-Fabric-2.0.5
[23:24:33] [main/INFO] - betterfortresses: 1.20-Fabric-2.0.5
[23:24:33] [main/INFO] - betterjungletemples: 1.20-Fabric-2.0.4
[23:24:33] [main/INFO] - bettermineshafts: 1.20-Fabric-4.0.4
[23:24:33] [main/INFO] - betteroceanmonuments: 1.20-Fabric-3.0.4
[23:24:33] [main/INFO] - betterstrongholds: 1.20-Fabric-4.0.3
[23:24:33] [main/INFO] - betterwitchhuts: 1.20-Fabric-3.0.3
[23:24:33] [main/INFO] - biolith: 1.0.0-beta.1
[23:24:33] [main/INFO] - blue_endless_jankson: 1.2.2
[23:24:33] [main/INFO] - bookshelf: 20.1.9
[23:24:33] [main/INFO] - bosses_of_mass_destruction: 1.7.5-1.20.1
[23:24:33] [main/INFO] - botania: 1.20.1-443-FABRIC
[23:24:33] [main/INFO] - botarium: 2.3.3
[23:24:33] [main/INFO] - c2me: 0.2.0+alpha.11.5
[23:24:33] [main/INFO] - c2me-base: 0.2.0+alpha.11.5
[23:24:33] [main/INFO] - c2me-fixes-chunkio-threading-issues: 0.2.0+alpha.11.5
[23:24:33] [main/INFO] - c2me-fixes-general-threading-issues: 0.2.0+alpha.11.5
[23:24:33] [main/INFO] - c2me-fixes-worldgen-threading-issues: 0.2.0+alpha.11.5
[23:24:33] [main/INFO] - c2me-fixes-worldgen-vanilla-bugs: 0.2.0+alpha.11.5
[23:24:33] [main/INFO] - c2me-notickvd: 0.2.0+alpha.11.5
[23:24:33] [main/INFO] - c2me-opts-allocs: 0.2.0+alpha.11.5
[23:24:33] [main/INFO] - c2me-opts-chunk-access: 0.2.0+alpha.11.5
[23:24:33] [main/INFO] - c2me-opts-chunkio: 0.2.0+alpha.11.5
[23:24:33] [main/INFO] - c2me-opts-math: 0.2.0+alpha.11.5
[23:24:33] [main/INFO] - c2me-opts-scheduling: 0.2.0+alpha.11.5
[23:24:33] [main/INFO] - c2me-opts-worldgen-general: 0.2.0+alpha.11.5
[23:24:33] [main/INFO] - c2me-opts-worldgen-vanilla: 0.2.0+alpha.11.5
[23:24:33] [main/INFO] - c2me-rewrites-chunk-serializer: 0.2.0+alpha.11.5
[23:24:33] [main/INFO] - c2me-rewrites-chunkio: 0.2.0+alpha.11.5
[23:24:33] [main/INFO] - c2me-server-utils: 0.2.0+alpha.11.5
[23:24:33] [main/INFO] - c2me-threading-chunkio: 0.2.0+alpha.11.5
[23:24:33] [main/INFO] - c2me-threading-lighting: 0.2.0+alpha.11.5
[23:24:33] [main/INFO] - c2me-threading-worldgen: 0.2.0+alpha.11.5
[23:24:33] [main/INFO] - calio: 1.11.0
[23:24:33] [main/INFO] - calmdowndog: 1.1.0
[23:24:33] [main/INFO] - cardinal-components: 5.2.2
[23:24:33] [main/INFO] - cardinal-components-base: 5.2.2
[23:24:33] [main/INFO] - cardinal-components-block: 5.2.2
[23:24:33] [main/INFO] - cardinal-components-chunk: 5.2.2
[23:24:33] [main/INFO] - cardinal-components-entity: 5.2.2
[23:24:33] [main/INFO] - cardinal-components-item: 5.2.2
[23:24:33] [main/INFO] - cardinal-components-level: 5.2.2
[23:24:33] [main/INFO] - cardinal-components-scoreboard: 5.2.2
[23:24:33] [main/INFO] - cardinal-components-world: 5.2.2
[23:24:33] [main/INFO] - carryon: 2.1.2.7
[23:24:33] [main/INFO] - chefsdelight: 1.0.3-fabric-1.20.1
[23:24:33] [main/INFO] - cicada: 0.6.0+1.20.1-minus
[23:24:33] [main/INFO] - cinderscapes: 4.0.10
[23:24:33] [main/INFO] - cinderscapes-common: 4.0.10
[23:24:33] [main/INFO] - cinderscapes-worldgen: 4.0.10
[23:24:33] [main/INFO] - clienttweaks: 11.1.0
[23:24:33] [main/INFO] - cloth-basic-math: 0.6.1
[23:24:33] [main/INFO] - cloth-config: 11.1.118
[23:24:33] [main/INFO] - cloth-config: 11.1.118
[23:24:33] [main/INFO] - collective: 7.40
[23:24:33] [main/INFO] - com_electronwill_night-config_core: 3.6.7
[23:24:33] [main/INFO] - com_electronwill_night-config_toml: 3.6.7
[23:24:33] [main/INFO] - com_eliotlash_mclib_mclib: 20
[23:24:33] [main/INFO] - com_fasterxml_jackson_core_jackson-annotations: 2.15.2
[23:24:33] [main/INFO] - com_fasterxml_jackson_core_jackson-core: 2.15.2
[23:24:33] [main/INFO] - com_fasterxml_jackson_core_jackson-databind: 2.15.2
[23:24:33] [main/INFO] - com_github_keksuccino_japng: 0.5.3
[23:24:33] [main/INFO] - com_github_shevek_parallelgzip: af5f5c297e735f3f2df7aa4eb0e19a5810b8aff6
[23:24:33] [main/INFO] - com_github_zsoltmolnarrr_tinyconfig: 2.3.2
[23:24:33] [main/INFO] - com_google_inject_guice: 5.0.1
[23:24:33] [main/INFO] - com_ibm_async_asyncutil: 0.1.0
[23:24:33] [main/INFO] - com_teamresourceful_bytecodecs: 1.0.2
[23:24:33] [main/INFO] - com_teamresourceful_yabn: 1.0.3
[23:24:33] [main/INFO] - com_twelvemonkeys_common_common-image: 3.10.0-SNAPSHOT
[23:24:33] [main/INFO] - com_twelvemonkeys_common_common-io: 3.10.0-SNAPSHOT
[23:24:33] [main/INFO] - com_twelvemonkeys_common_common-lang: 3.10.0-SNAPSHOT
[23:24:33] [main/INFO] - com_twelvemonkeys_imageio_imageio-core: 3.10.0-SNAPSHOT
[23:24:33] [main/INFO] - com_twelvemonkeys_imageio_imageio-metadata: 3.10.0-SNAPSHOT
[23:24:33] [main/INFO] - com_twelvemonkeys_imageio_imageio-webp: 3.10.0-SNAPSHOT
[23:24:33] [main/INFO] - com_velocitypowered_velocity-native: 3.2.0-SNAPSHOT
[23:24:33] [main/INFO] - combatroll: 1.3.1+1.20.1
[23:24:33] [main/INFO] - companion: 5.1.0
[23:24:33] [main/INFO] - connectiblechains: 2.2.1+1.20.1
[23:24:33] [main/INFO] - cooldown-coordinator: 0.6.2
[23:24:33] [main/INFO] - coroutil: 1.20.1-1.3.7
[23:24:33] [main/INFO] - creativecore: 2.11.24
[23:24:33] [main/INFO] - ctov: 3.4.2
[23:24:33] [main/INFO] - customportalapi: 0.0.1-beta64-1.20
[23:24:33] [main/INFO] - dahmersdelight: 1.0.0
[23:24:33] [main/INFO] - darkutils: 17.0.3
[23:24:33] [main/INFO] - deeperdarker: 1.2.6
[23:24:33] [main/INFO] - deuf_refabricated: 1.1.0
[23:24:33] [main/INFO] - diagonalblocks: 8.0.3
[23:24:33] [main/INFO] - diagonalfences: 8.1.3
[23:24:33] [main/INFO] - diagonalwindows: 8.1.3
[23:24:33] [main/INFO] - do_a_barrel_roll: 3.5.2+1.20.1
[23:24:33] [main/INFO] - doggomodoverhauled: 5.3.1
[23:24:33] [main/INFO] - drippyloadingscreen: 3.0.2
[23:24:33] [main/INFO] - dungeon_difficulty: 2.0.6+1.20.1
[23:24:33] [main/INFO] - dungeons_arise: 2.1.57
[23:24:33] [main/INFO] - dungeons_arise_seven_seas: 1.0.2
[23:24:33] [main/INFO] - dynamic-textures: 0.3.0+sha.4a78ef0
[23:24:33] [main/INFO] - dynamiclights: 1.7.1+mod
[23:24:33] [main/INFO] - dynamictrim: 1.4.1
[23:24:33] [main/INFO] - enchantmentcompat: 1.2.1
[23:24:33] [main/INFO] - endermanoverhaul: 1.0.4
[23:24:33] [main/INFO] - enhancedvisuals: 1.6.9
[23:24:33] [main/INFO] - entity-view-distance: 1.1.2+1.20
[23:24:33] [main/INFO] - error_notifier: 1.0.9
[23:24:33] [main/INFO] - expandeddelight: 0.3.0.3
[23:24:33] [main/INFO] - extraspellattributes: 1.1.0
[23:24:33] [main/INFO] - extremesoundmuffler: 3.41-fabric-1.20
[23:24:33] [main/INFO] - fabric-api: 0.92.0+1.20.1
[23:24:33] [main/INFO] - fabric-api: 0.92.0+1.20.1
[23:24:33] [main/INFO] - fabric-api-base: 0.4.31+1802ada577
[23:24:33] [main/INFO] - fabric-api-lookup-api-v1: 1.6.36+1802ada577
[23:24:33] [main/INFO] - fabric-biome-api-v1: 13.0.13+1802ada577
[23:24:33] [main/INFO] - fabric-block-api-v1: 1.0.11+1802ada577
[23:24:33] [main/INFO] - fabric-block-view-api-v2: 1.0.1+1802ada577
[23:24:33] [main/INFO] - fabric-command-api-v1: 1.2.34+f71b366f77
[23:24:33] [main/INFO] - fabric-command-api-v2: 2.2.13+1802ada577
[23:24:33] [main/INFO] - fabric-commands-v0: 0.2.51+df3654b377
[23:24:33] [main/INFO] - fabric-containers-v0: 0.1.64+df3654b377
[23:24:33] [main/INFO] - fabric-content-registries-v0: 4.0.11+1802ada577
[23:24:33] [main/INFO] - fabric-convention-tags-v1: 1.5.5+1802ada577
[23:24:33] [main/INFO] - fabric-crash-report-info-v1: 0.2.19+1802ada577
[23:24:33] [main/INFO] - fabric-data-attachment-api-v1: 1.0.0+de0fd6d177
[23:24:33] [main/INFO] - fabric-data-generation-api-v1: 12.3.4+1802ada577
[23:24:33] [main/INFO] - fabric-dimensions-v1: 2.1.54+1802ada577
[23:24:33] [main/INFO] - fabric-entity-events-v1: 1.6.0+1c78457f77
[23:24:33] [main/INFO] - fabric-events-interaction-v0: 0.6.2+1802ada577
[23:24:33] [main/INFO] - fabric-events-lifecycle-v0: 0.2.63+df3654b377
[23:24:33] [main/INFO] - fabric-game-rule-api-v1: 1.0.40+1802ada577
[23:24:33] [main/INFO] - fabric-item-api-v1: 2.1.28+1802ada577
[23:24:33] [main/INFO] - fabric-item-group-api-v1: 4.0.12+1802ada577
[23:24:33] [main/INFO] - fabric-language-kotlin: 1.10.19+kotlin.1.9.23
[23:24:33] [main/INFO] - fabric-lifecycle-events-v1: 2.2.22+1802ada577
[23:24:33] [main/INFO] - fabric-loot-api-v2: 1.2.1+1802ada577
[23:24:33] [main/INFO] - fabric-loot-tables-v1: 1.1.45+9e7660c677
[23:24:33] [main/INFO] - fabric-message-api-v1: 5.1.9+1802ada577
[23:24:33] [main/INFO] - fabric-mining-level-api-v1: 2.1.50+1802ada577
[23:24:33] [main/INFO] - fabric-networking-api-v1: 1.3.11+1802ada577
[23:24:33] [main/INFO] - fabric-networking-v0: 0.3.51+df3654b377
[23:24:33] [main/INFO] - fabric-object-builder-api-v1: 11.1.3+1802ada577
[23:24:33] [main/INFO] - fabric-particles-v1: 1.1.2+1802ada577
[23:24:33] [main/INFO] - fabric-permissions-api-v0: 0.2-SNAPSHOT
[23:24:33] [main/INFO] - fabric-recipe-api-v1: 1.0.21+1802ada577
[23:24:33] [main/INFO] - fabric-registry-sync-v0: 2.3.3+1802ada577
[23:24:33] [main/INFO] - fabric-rendering-data-attachment-v1: 0.3.37+92a0d36777
[23:24:33] [main/INFO] - fabric-rendering-fluids-v1: 3.0.28+1802ada577
[23:24:33] [main/INFO] - fabric-resource-conditions-api-v1: 2.3.8+1802ada577
[23:24:33] [main/INFO] - fabric-resource-loader-v0: 0.11.10+1802ada577
[23:24:33] [main/INFO] - fabric-screen-handler-api-v1: 1.3.30+1802ada577
[23:24:33] [main/INFO] - fabric-transfer-api-v1: 3.3.4+1802ada577
[23:24:33] [main/INFO] - fabric-transitive-access-wideners-v1: 4.3.1+1802ada577
[23:24:33] [main/INFO] - fabricloader: 0.18.2
[23:24:33] [main/INFO] - fakerlib: 0.1.0
[23:24:33] [main/INFO] - fancymenu: 3.1.2
[23:24:33] [main/INFO] - farmersdelight: 1.20.1-1.4.3
[23:24:33] [main/INFO] - farmersknives: 3.1
[23:24:33] [main/INFO] - faster_entity_animations: 1.6
[23:24:33] [main/INFO] - fastpaintings: 1.20-1.2.4
[23:24:33] [main/INFO] - ferritecore: 6.0.1
[23:24:33] [main/INFO] - fiber: 0.23.0-2
[23:24:33] [main/INFO] - fleshz: 1.5.1
[23:24:33] [main/INFO] - forgeconfigapiport: 8.0.0
[23:24:33] [main/INFO] - gazebo: 1.1.1+1.20.1
[23:24:33] [main/INFO] - geckolib: 4.4.2
[23:24:33] [main/INFO] - gottagofast: 1.1.0
[23:24:33] [main/INFO] - hamsters: fabric-1.0.3-1.20.1
[23:24:33] [main/INFO] - hangglider: 8.0.1
[23:24:33] [main/INFO] - healingcampfire: 5.3
[23:24:33] [main/INFO] - horse_armors: 1.0-1.20.1-fabric
[23:24:33] [main/INFO] - horsearmorstandmod: 1.0.2-1.20.4
[23:24:33] [main/INFO] - horsebuff: 2.1.2
[23:24:33] [main/INFO] - horseexpert: 8.1.1
[23:24:33] [main/INFO] - horsestonks: 1.0.1
[23:24:33] [main/INFO] - icarus: 1.16
[23:24:33] [main/INFO] - iceberg: 1.1.17
[23:24:33] [main/INFO] - immersive_aircraft: 0.7.5+1.20.1
[23:24:33] [main/INFO] - immersive_paintings: 0.6.7+1.20.1
[23:24:33] [main/INFO] - incendium: 5.3.4
[23:24:33] [main/INFO] - indrev: 1.16.5-BETA
[23:24:33] [main/INFO] - inventorysorter: 1.9.0-1.20
[23:24:33] [main/INFO] - invoke: 0.2.1
[23:24:33] [main/INFO] - ironchests: 5.0.2
[23:24:33] [main/INFO] - jade: 11.8.0
[23:24:33] [main/INFO] - jankson: 5.0.1+j1.2.2
[23:24:33] [main/INFO] - java: 17
[23:24:33] [main/INFO] - javax_inject_javax_inject: 1
[23:24:33] [main/INFO] - javazoom_jlayer: 1.0.1
[23:24:33] [main/INFO] - jewelry: 1.2.3+1.20.1
[23:24:33] [main/INFO] - jobsaddon: 1.1.6
[23:24:33] [main/INFO] - kaffees_dual_ride: 1.1.0
[23:24:33] [main/INFO] - kanos_config: 0.4.1+1.14.4-1.19.4
[23:24:33] [main/INFO] - keybind_fix: 1.0.0
[23:24:33] [main/INFO] - konkrete: 1.8.1
[23:24:33] [main/INFO] - krypton: 0.2.3
[23:24:33] [main/INFO] - kyrptconfig: 1.5.6-1.20
[23:24:33] [main/INFO] - lazydfu: 0.1.3
[23:24:33] [main/INFO] - letmedespawn: 1.2.0
[23:24:33] [main/INFO] - levelz: 1.4.13
[23:24:33] [main/INFO] - libgui: 8.0.0+1.20
[23:24:33] [main/INFO] - libninepatch: 1.2.0
[23:24:33] [main/INFO] - libz: 1.0.3
[23:24:33] [main/INFO] - lithium: 0.11.2
[23:24:33] [main/INFO] - lithostitched: 1.1.5
[23:24:33] [main/INFO] - lmft: 1.0.2+1.20
[23:24:33] [main/INFO] - lunar: 0.1.10
[23:24:33] [main/INFO] - maelstrom_library: 1.6.1-1.20
[23:24:33] [main/INFO] - magna: ${version}
[23:24:33] [main/INFO] - mcda: 5.0.1
[23:24:33] [main/INFO] - mcdar: 4.0.1
[23:24:33] [main/INFO] - mcdw: 9.0.1
[23:24:33] [main/INFO] - melody: 1.0.3
[23:24:33] [main/INFO] - memoryleakfix: 1.1.5
[23:24:33] [main/INFO] - mes: 1.3-1.20-fabric
[23:24:33] [main/INFO] - midnightlib: 1.4.1
[23:24:33] [main/INFO] - minecells: 1.7.2
[23:24:33] [main/INFO] - minecraft: 1.20.1
[23:24:33] [main/INFO] - mixin-conflict-helper: 1.2.0
[23:24:33] [main/INFO] - mixinextras: 0.5.0
[23:24:33] [main/INFO] - mixinsquared: 0.1.1
[23:24:33] [main/INFO] - mobcaptains: 3.1.1
[23:24:33] [main/INFO] - mobtimizations: 1.20.1-1.0.0
[23:24:33] [main/INFO] - modernfix: 5.14.0+mc1.20.1
[23:24:33] [main/INFO] - moonlight: 1.20-2.11.3
[23:24:33] [main/INFO] - more_rpg_classes: 0.1-1.20.1
[23:24:33] [main/INFO] - moremobs: 1.5.1+mod
[23:24:33] [main/INFO] - moretotems: 2.16.0
[23:24:33] [main/INFO] - mozombies_wave: 1.20.1-0.1.0
[23:24:33] [main/INFO] - mr_camps_castles_carriages: 2.2
[23:24:33] [main/INFO] - mr_ctov_beautifycompat: 2.0
[23:24:33] [main/INFO] - mr_ctov_chefsdelightcompat: 2.0
[23:24:33] [main/INFO] - mr_ctov_farmersdelightcompat: 2.1
[23:24:33] [main/INFO] - mr_ctov_gazebocompat: 1.0
[23:24:33] [main/INFO] - mr_ctov_morevillagerscompat: 2.0
[23:24:33] [main/INFO] - mr_ctov_paladinsnpriestscompat: 1.0
[23:24:33] [main/INFO] - mr_ctov_villagerspluscompat: 2.0
[23:24:33] [main/INFO] - mr_ctov_wizardscompat: 2.0a
[23:24:33] [main/INFO] - mr_dungeons_andtaverns: 3.0.3
[23:24:33] [main/INFO] - mr_dungeons_andtavernsstrongholdrework: 1
[23:24:33] [main/INFO] - mr_eugenes_wealthyplainsvillage: 1.0.1
[23:24:33] [main/INFO] - mr_mine_treasure: 1.3.2
[23:24:33] [main/INFO] - mr_origins_playerscale: 3
[23:24:33] [main/INFO] - mr_paladinz: 1.0
[23:24:33] [main/INFO] - mr_soulz: 1.0
[23:24:33] [main/INFO] - mr_tool_trims: 2.0.2+1.20
[23:24:33] [main/INFO] - mr_true_ending: 1-v1.1.0c
[23:24:33] [main/INFO] - mr_wizardz: 1.0
[23:24:33] [main/INFO] - mru: 0.4.0+1.20
[23:24:33] [main/INFO] - multipart_entities: 1.5-1.20
[23:24:33] [main/INFO] - mythicmobs: 1.20.1-fabric-1.4.5
[23:24:33] [main/INFO] - mythicmounts: 1.20.1-7.2
[23:24:33] [main/INFO] - naturalist: 4.0.3
[23:24:33] [main/INFO] - net_minecraftforge_eventbus: 6.0.3
[23:24:33] [main/INFO] - net_objecthunter_exp4j: 0.4.8
[23:24:33] [main/INFO] - net_pearx_kasechange_kasechange-jvm: 1.4.1
[23:24:33] [main/INFO] - netherite_compass: 1.0.1
[23:24:33] [main/INFO] - netherportalfix: 13.0.1
[23:24:33] [main/INFO] - nochatreports: 1.20.1-v2.2.2
[23:24:33] [main/INFO] - noisium: 1.0.2+mc1.20.x
[23:24:33] [main/INFO] - notenoughcrashes: 4.4.7+1.20.1
[23:24:33] [main/INFO] - nullscape: 1.2.4
[23:24:33] [main/INFO] - omega-config: 1.2.3-1.18.1
[23:24:33] [main/INFO] - omnihopper: 2.2.4+1.20
[23:24:33] [main/INFO] - org_apache_commons_commons-compress: 1.22
[23:24:33] [main/INFO] - org_javassist_javassist: 3.29.2-GA
[23:24:33] [main/INFO] - org_jetbrains_kotlin_kotlin-reflect: 1.9.23
[23:24:33] [main/INFO] - org_jetbrains_kotlin_kotlin-stdlib: 1.9.23
[23:24:33] [main/INFO] - org_jetbrains_kotlin_kotlin-stdlib-jdk7: 1.9.23
[23:24:33] [main/INFO] - org_jetbrains_kotlin_kotlin-stdlib-jdk8: 1.9.23
[23:24:33] [main/INFO] - org_jetbrains_kotlinx_atomicfu-jvm: 0.23.2
[23:24:33] [main/INFO] - org_jetbrains_kotlinx_kotlinx-coroutines-core-jvm: 1.8.0
[23:24:33] [main/INFO] - org_jetbrains_kotlinx_kotlinx-coroutines-jdk8: 1.8.0
[23:24:33] [main/INFO] - org_jetbrains_kotlinx_kotlinx-datetime-jvm: 0.5.0
[23:24:33] [main/INFO] - org_jetbrains_kotlinx_kotlinx-serialization-cbor-jvm: 1.6.3
[23:24:33] [main/INFO] - org_jetbrains_kotlinx_kotlinx-serialization-core-jvm: 1.6.3
[23:24:33] [main/INFO] - org_jetbrains_kotlinx_kotlinx-serialization-json-jvm: 1.6.3
[23:24:33] [main/INFO] - org_mariuszgromada_math_mathparser_org-mxparser: 5.2.1
[23:24:33] [main/INFO] - org_quiltmc_parsers_gson: 0.2.1
[23:24:33] [main/INFO] - org_quiltmc_parsers_json: 0.2.1
[23:24:33] [main/INFO] - org_reflections_reflections: 0.10.2
[23:24:33] [main/INFO] - org_threadly_threadly: 7.0
[23:24:33] [main/INFO] - org_tukaani_xz: 1.9
[23:24:33] [main/INFO] - origins: 1.10.0
[23:24:33] [main/INFO] - origins-plus-plus: 2.2
[23:24:33] [main/INFO] - origins_vampire_mr: 1-v2.1.0
[23:24:33] [main/INFO] - owo: 0.11.2+1.20
[23:24:33] [main/INFO] - packetfixer: 1.2.8
[23:24:33] [main/INFO] - paladins: 1.0.5+1.20.1
[23:24:33] [main/INFO] - partyaddon: 1.0.4
[23:24:33] [main/INFO] - patchouli: 1.20.1-84-FABRIC
[23:24:33] [main/INFO] - pehkui: 3.7.12+1.14.4-1.20.4
[23:24:33] [main/INFO] - pigpen: 15.0.2
[23:24:33] [main/INFO] - ping-wheel: 1.8.0
[23:24:33] [main/INFO] - placeholder-api: 2.1.2+1.20.1
[23:24:33] [main/INFO] - plasmovoice: 2.0.8
[23:24:33] [main/INFO] - player-animator: 1.0.2-rc1+1.20
[23:24:33] [main/INFO] - playerabilitylib: 1.8.0
[23:24:33] [main/INFO] - porting_lib_accessors: 2.1.1127+1.20
[23:24:33] [main/INFO] - porting_lib_core: 2.1.1127+1.20
[23:24:33] [main/INFO] - porting_lib_gametest: 2.1.1127+1.20
[23:24:33] [main/INFO] - porting_lib_transfer: 2.1.1127+1.20
[23:24:33] [main/INFO] - projectile_damage: 3.2.2+1.20.1
[23:24:33] [main/INFO] - puzzlesaccessapi: 8.0.7
[23:24:33] [main/INFO] - puzzlesapi: 8.1.4
[23:24:33] [main/INFO] - puzzleslib: 8.1.17
[23:24:33] [main/INFO] - raknetify: 0.1.0+alpha.5.114
[23:24:33] [main/INFO] - reach-entity-attributes: 2.4.0
[23:24:33] [main/INFO] - resourcefulconfig: 2.1.2
[23:24:33] [main/INFO] - resourcefullib: 2.1.23
[23:24:33] [main/INFO] - restapi: 0.9-1.20.1-Fabric
[23:24:33] [main/INFO] - roughlyenoughitems: 12.0.684
[23:24:33] [main/INFO] - rpgdifficulty: 1.3.13
[23:24:33] [main/INFO] - runelic: 18.0.2
[23:24:33] [main/INFO] - runes: 0.9.11+1.20.1
[23:24:33] [main/INFO] - seasons: 2.3+1.20
[23:24:33] [main/INFO] - seasonsdelightcompat: 1.0-1.3.9
[23:24:33] [main/INFO] - seasonsterralithcompat: 1.0-2.3.7
[23:24:33] [main/INFO] - servercore: 1.3.9+1.20.1
[23:24:33] [main/INFO] - sit: 1.20-24
[23:24:33] [main/INFO] - skinlayers3d: 1.6.2
[23:24:33] [main/INFO] - skinrestorer: 1.2.4
[23:24:33] [main/INFO] - smallships: 2.0.0-b1.1
[23:24:33] [main/INFO] - smarterfarmers: 1.20-1.8.2
[23:24:33] [main/INFO] - snowundertrees: 2.2.0+1.20.1
[23:24:33] [main/INFO] - soulsweapons: 1.1.0-1.20-fabric
[23:24:33] [main/INFO] - sound_physics_remastered: 1.20.1-1.3.1
[23:24:33] [main/INFO] - spark: 1.10.53
[23:24:33] [main/INFO] - spell_engine: 0.12.5+1.20.1
[23:24:33] [main/INFO] - spell_power: 0.9.19+1.20.1
[23:24:33] [main/INFO] - spellbound_weapons_mr: 4.0.5L
[23:24:33] [main/INFO] - starlight: 1.1.2+fabric.dbc156f
[23:24:33] [main/INFO] - step-height-entity-attribute: 1.2.0
[23:24:33] [main/INFO] - stoneworks: 8.0.0
[23:24:33] [main/INFO] - structure_pool_api: 1.0+1.20.1
[23:24:33] [main/INFO] - superbsteeds: 1.20-3
[23:24:33] [main/INFO] - taxfreelevels: 1.3.9
[23:24:33] [main/INFO] - team_reborn_energy: 3.0.0
[23:24:33] [main/INFO] - terrablender: 3.0.1.4
[23:24:33] [main/INFO] - terraform-biome-remapper-api-v1: 7.0.3
[23:24:33] [main/INFO] - terraform-shapes-api-v1: 7.0.3
[23:24:33] [main/INFO] - terraform-surfaces-api-v1: 7.0.3
[23:24:33] [main/INFO] - terraform-wood-api-v1: 7.0.3
[23:24:33] [main/INFO] - terralith: 2.4.11
[23:24:33] [main/INFO] - textile_backup: 3.1.2-1.20
[23:24:33] [main/INFO] - threadtweak: 1.20.2-0.1.1
[23:24:33] [main/INFO] - tlc: 1.0.1
[23:24:33] [main/INFO] - travelersbackpack: 1.20.1-9.1.9
[23:24:33] [main/INFO] - treeharvester: 8.7
[23:24:33] [main/INFO] - trinkets: 3.7.2
[23:24:33] [main/INFO] - ultris_mr: 5.6.9c
[23:24:33] [main/INFO] - underground_bunkers: 1.0.3
[23:24:33] [main/INFO] - viewdistancefix: 1.20.1-1.0.2
[23:24:33] [main/INFO] - villagersplus: 3.1
[23:24:33] [main/INFO] - villagespawnpoint: 4.2
[23:24:33] [main/INFO] - vmp: 0.2.0+beta.7.102
[23:24:33] [main/INFO] - voidz: 1.0.11
[23:24:33] [main/INFO] - watut: 1.20.1-1.1.0
[23:24:33] [main/INFO] - waystones: 14.1.3
[23:24:33] [main/INFO] - weaponmaster: 3.0.5
[23:24:33] [main/INFO] - wizards: 1.0.5+1.20.1
[23:24:33] [main/INFO] - xaerominimap: 23.9.7
[23:24:33] [main/INFO] - xaeroworldmap: 1.37.8
[23:24:33] [main/INFO] - yet_another_config_lib_v3: 3.2.2+1.20
[23:24:33] [main/INFO] - yungsapi: 1.20-Fabric-4.0.4
[23:24:33] [main/INFO] - yungsbridges: 1.20-Fabric-4.0.3
[23:24:33] [main/INFO] - yungsextras: 1.20-Fabric-4.0.3
[23:24:33] [main/INFO] ========================================
[23:24:33] [main/INFO] [REI] Registered plugin provider AddonReiCommonPlugin [ad_astra_giselle_addon] for REIPlugin
[23:24:33] [main/INFO] [REI] Registered plugin provider DefaultPlugin [roughlyenoughitems] for REIPlugin
[23:24:33] [main/INFO] [REI] Registered plugin provider DefaultRuntimePlugin [roughlyenoughitems] for REIPlugin
[23:24:33] [main/INFO] [REI] Registered plugin provider ReiCompat [travelersbackpack] for REIPlugin
[23:24:33] [main/INFO] [REI] Registered plugin provider AddonReiCommonPlugin [ad_astra_giselle_addon] for REIServerPlugin
[23:24:33] [main/INFO] [REI] Registered plugin provider DefaultPlugin [roughlyenoughitems] for REIServerPlugin
[23:24:33] [main/INFO] [REI] Registered plugin provider DefaultRuntimePlugin [roughlyenoughitems] for REIServerPlugin
[23:24:33] [main/INFO] [REI] Registered plugin provider ReiCompat [travelersbackpack] for REIServerPlugin
[23:24:33] [main/INFO] [REI] Registered plugin provider FabricFluidAPISupportPlugin for REIServerPlugin
[23:24:33] [main/INFO] [REI] Registered plugin provider FabricFluidAPISupportPlugin for REIPlugin
[23:24:38] [Worker-Main-3/DEBUG] [REI] Processed 6 tags in 563.4 μs for minecraft:enchantment
[23:24:38] [Worker-Main-1/DEBUG] [REI] Processed 17 tags in 2.985 ms for minecraft:banner_pattern
[23:24:38] [Worker-Main-2/DEBUG] [REI] Processed 0 tags in 33.83 μs for minecraft:worldgen/structure
[23:24:38] [Worker-Main-1/DEBUG] [REI] Processed 2 tags in 27.74 μs for minecraft:cat_variant
[23:24:38] [Worker-Main-3/DEBUG] [REI] Processed 5 tags in 99.30 μs for minecraft:game_event
[23:24:38] [Worker-Main-1/DEBUG] [REI] Processed 27 tags in 105.1 μs for minecraft:fluid
[23:24:38] [Worker-Main-1/DEBUG] [REI] Processed 3 tags in 30.54 μs for minecraft:instrument
[23:24:38] [Worker-Main-2/DEBUG] [REI] Processed 0 tags in 17.36 μs for minecraft:damage_type
[23:24:38] [Worker-Main-1/DEBUG] [REI] Processed 0 tags in 9.558 μs for minecraft:worldgen/structure_set
[23:24:38] [Worker-Main-2/DEBUG] [REI] Processed 2 tags in 50.87 μs for minecraft:painting_variant
[23:24:38] [Worker-Main-1/DEBUG] [REI] Processed 3 tags in 76.67 μs for minecraft:point_of_interest_type
[23:24:38] [Worker-Main-1/DEBUG] [REI] Processed 0 tags in 9.227 μs for minecraft:worldgen/flat_level_generator_preset
[23:24:38] [Worker-Main-3/DEBUG] [REI] Processed 625 tags in 86.13 ms for minecraft:block
[23:24:38] [Worker-Main-3/DEBUG] [REI] Processed 0 tags in 30.44 μs for minecraft:dimension_type
[23:24:38] [Worker-Main-3/DEBUG] [REI] Processed 0 tags in 7.123 μs for minecraft:worldgen/world_preset
[23:24:38] [Worker-Main-2/DEBUG] [REI] Processed 939 tags in 8.155 ms for minecraft:item
[23:24:38] [Worker-Main-1/DEBUG] [REI] Processed 0 tags in 153.9 μs for minecraft:worldgen/biome
[23:24:38] [Worker-Main-2/DEBUG] [REI] Processed 146 tags in 790.9 μs for minecraft:entity_type
[23:24:42] [main/DEBUG] [REI] ========================================
[23:24:42] [main/DEBUG] [REI] REIPlugin starting pre-reload for START.
[23:24:42] [main/DEBUG] [REI] Reloadables (7):
[23:24:42] [main/DEBUG] [REI]  - EntryTypeRegistryImpl
[23:24:42] [main/DEBUG] [REI]  - EntrySettingsAdapterRegistryImpl
[23:24:42] [main/DEBUG] [REI]  - RecipeManagerContextImpl
[23:24:42] [main/DEBUG] [REI]  - ItemComparatorRegistryImpl
[23:24:42] [main/DEBUG] [REI]  - FluidComparatorRegistryImpl
[23:24:42] [main/DEBUG] [REI]  - DisplaySerializerRegistryImpl
[23:24:42] [main/DEBUG] [REI]  - FluidSupportProviderImpl
[23:24:42] [main/DEBUG] [REI] Plugins (5):
[23:24:42] [main/DEBUG] [REI]  - (-100.00) DefaultPlugin of DefaultPlugin [roughlyenoughitems]
[23:24:42] [main/DEBUG] [REI]  - (0.00) FabricFluidAPISupportPlugin
[23:24:42] [main/DEBUG] [REI]  - (0.00) ReiCompat of ReiCompat [travelersbackpack]
[23:24:42] [main/DEBUG] [REI]  - (0.00) DefaultRuntimePlugin of DefaultRuntimePlugin [roughlyenoughitems]
[23:24:42] [main/DEBUG] [REI]  - (0.00) AddonReiCommonPlugin of AddonReiCommonPlugin [ad_astra_giselle_addon]
[23:24:42] [main/DEBUG] [REI] ========================================
[23:24:42] [main/TRACE] [REI] [REIPlugin START] Reloading Section: "pre-register/"
[23:24:42] [main/TRACE] [REI] [REIPlugin START] Reloading Section: "pre-register/DefaultPlugin of DefaultPlugin [roughlyenoughitems]/"
[23:24:42] [main/TRACE] [REI] [REIPlugin START] Reloading Section: "pre-register/DefaultPlugin of DefaultPlugin [roughlyenoughitems]/" done in 949.0 μs
[23:24:42] [main/TRACE] [REI] [REIPlugin START] Reloading Section: "pre-register/FabricFluidAPISupportPlugin/"
[23:24:42] [main/TRACE] [REI] [REIPlugin START] Reloading Section: "pre-register/FabricFluidAPISupportPlugin/" done in 15.47 μs
[23:24:42] [main/TRACE] [REI] [REIPlugin START] Reloading Section: "pre-register/ReiCompat of ReiCompat [travelersbackpack]/"
[23:24:42] [main/TRACE] [REI] [REIPlugin START] Reloading Section: "pre-register/ReiCompat of ReiCompat [travelersbackpack]/" done in 12.41 μs
[23:24:42] [main/TRACE] [REI] [REIPlugin START] Reloading Section: "pre-register/DefaultRuntimePlugin of DefaultRuntimePlugin [roughlyenoughitems]/"
[23:24:42] [main/TRACE] [REI] [REIPlugin START] Reloading Section: "pre-register/DefaultRuntimePlugin of DefaultRuntimePlugin [roughlyenoughitems]/" done in 10.89 μs
[23:24:42] [main/TRACE] [REI] [REIPlugin START] Reloading Section: "pre-register/AddonReiCommonPlugin of AddonReiCommonPlugin [ad_astra_giselle_addon]/"
[23:24:42] [main/TRACE] [REI] [REIPlugin START] Reloading Section: "pre-register/AddonReiCommonPlugin of AddonReiCommonPlugin [ad_astra_giselle_addon]/" done in 12.65 μs
[23:24:42] [main/TRACE] [REI] [REIPlugin START] Reloading Section: "pre-register/" done in 14.03 ms
[23:24:42] [main/TRACE] [REI] [REIPlugin START] Reloading Section: "pre-stage/"
[23:24:42] [main/TRACE] [REI] [REIPlugin START] Reloading Section: "pre-stage/EntryTypeRegistryImpl/"
[23:24:42] [main/TRACE] [REI] [REIPlugin START] Reloading Section: "pre-stage/EntryTypeRegistryImpl/" done in 177.9 μs
[23:24:42] [main/TRACE] [REI] [REIPlugin START] Reloading Section: "pre-stage/EntrySettingsAdapterRegistryImpl/"
[23:24:42] [main/TRACE] [REI] [REIPlugin START] Reloading Section: "pre-stage/EntrySettingsAdapterRegistryImpl/" done in 8.506 μs
[23:24:42] [main/TRACE] [REI] [REIPlugin START] Reloading Section: "pre-stage/RecipeManagerContextImpl/"
[23:24:42] [main/TRACE] [REI] [REIPlugin START] Reloading Section: "pre-stage/RecipeManagerContextImpl/" done in 7.925 μs
[23:24:42] [main/TRACE] [REI] [REIPlugin START] Reloading Section: "pre-stage/ItemComparatorRegistryImpl/"
[23:24:42] [main/TRACE] [REI] [REIPlugin START] Reloading Section: "pre-stage/ItemComparatorRegistryImpl/" done in 7.935 μs
[23:24:42] [main/TRACE] [REI] [REIPlugin START] Reloading Section: "pre-stage/FluidComparatorRegistryImpl/"
[23:24:42] [main/TRACE] [REI] [REIPlugin START] Reloading Section: "pre-stage/FluidComparatorRegistryImpl/" done in 7.614 μs
[23:24:42] [main/TRACE] [REI] [REIPlugin START] Reloading Section: "pre-stage/DisplaySerializerRegistryImpl/"
[23:24:42] [main/TRACE] [REI] [REIPlugin START] Reloading Section: "pre-stage/DisplaySerializerRegistryImpl/" done in 8.445 μs
[23:24:42] [main/TRACE] [REI] [REIPlugin START] Reloading Section: "pre-stage/FluidSupportProviderImpl/"
[23:24:42] [main/TRACE] [REI] [REIPlugin START] Reloading Section: "pre-stage/FluidSupportProviderImpl/" done in 8.395 μs
[23:24:42] [main/TRACE] [REI] [REIPlugin START] Reloading Section: "pre-stage/" done in 1.121 ms
[23:24:42] [main/DEBUG] [REI] ========================================
[23:24:42] [main/DEBUG] [REI] REIPlugin finished pre-reload for START in 18.43 ms.
[23:24:42] [main/DEBUG] [REI] ========================================
[23:24:42] [main/DEBUG] [REI] ========================================
[23:24:42] [main/DEBUG] [REI] REIServerPlugin starting pre-reload for START.
[23:24:42] [main/DEBUG] [REI] Reloadables (2):
[23:24:42] [main/DEBUG] [REI]  - MenuInfoRegistryImpl
[23:24:42] [main/DEBUG] [REI]  - SlotAccessorRegistryImpl
[23:24:42] [main/DEBUG] [REI] Plugins (5):
[23:24:42] [main/DEBUG] [REI]  - (-100.00) DefaultPlugin of DefaultPlugin [roughlyenoughitems]
[23:24:42] [main/DEBUG] [REI]  - (0.00) FabricFluidAPISupportPlugin
[23:24:42] [main/DEBUG] [REI]  - (0.00) ReiCompat of ReiCompat [travelersbackpack]
[23:24:42] [main/DEBUG] [REI]  - (0.00) DefaultRuntimePlugin of DefaultRuntimePlugin [roughlyenoughitems]
[23:24:42] [main/DEBUG] [REI]  - (0.00) AddonReiCommonPlugin of AddonReiCommonPlugin [ad_astra_giselle_addon]
[23:24:42] [main/DEBUG] [REI] ========================================
[23:24:42] [main/TRACE] [REI] [REIServerPlugin START] Reloading Section: "pre-register/"
[23:24:42] [main/TRACE] [REI] [REIServerPlugin START] Reloading Section: "pre-register/DefaultPlugin of DefaultPlugin [roughlyenoughitems]/"
[23:24:42] [main/TRACE] [REI] [REIServerPlugin START] Reloading Section: "pre-register/DefaultPlugin of DefaultPlugin [roughlyenoughitems]/" done in 11.71 μs
[23:24:42] [main/TRACE] [REI] [REIServerPlugin START] Reloading Section: "pre-register/FabricFluidAPISupportPlugin/"
[23:24:42] [main/TRACE] [REI] [REIServerPlugin START] Reloading Section: "pre-register/FabricFluidAPISupportPlugin/" done in 13.25 μs
[23:24:42] [main/TRACE] [REI] [REIServerPlugin START] Reloading Section: "pre-register/ReiCompat of ReiCompat [travelersbackpack]/"
[23:24:42] [main/TRACE] [REI] [REIServerPlugin START] Reloading Section: "pre-register/ReiCompat of ReiCompat [travelersbackpack]/" done in 10.18 μs
[23:24:42] [main/TRACE] [REI] [REIServerPlugin START] Reloading Section: "pre-register/DefaultRuntimePlugin of DefaultRuntimePlugin [roughlyenoughitems]/"
[23:24:42] [main/TRACE] [REI] [REIServerPlugin START] Reloading Section: "pre-register/DefaultRuntimePlugin of DefaultRuntimePlugin [roughlyenoughitems]/" done in 20.07 μs
[23:24:42] [main/TRACE] [REI] [REIServerPlugin START] Reloading Section: "pre-register/AddonReiCommonPlugin of AddonReiCommonPlugin [ad_astra_giselle_addon]/"
[23:24:42] [main/TRACE] [REI] [REIServerPlugin START] Reloading Section: "pre-register/AddonReiCommonPlugin of AddonReiCommonPlugin [ad_astra_giselle_addon]/" done in 9.367 μs
[23:24:42] [main/TRACE] [REI] [REIServerPlugin START] Reloading Section: "pre-register/" done in 699.5 μs
[23:24:42] [main/TRACE] [REI] [REIServerPlugin START] Reloading Section: "pre-stage/"
[23:24:42] [main/TRACE] [REI] [REIServerPlugin START] Reloading Section: "pre-stage/MenuInfoRegistryImpl/"
[23:24:42] [main/TRACE] [REI] [REIServerPlugin START] Reloading Section: "pre-stage/MenuInfoRegistryImpl/" done in 8.185 μs
[23:24:42] [main/TRACE] [REI] [REIServerPlugin START] Reloading Section: "pre-stage/SlotAccessorRegistryImpl/"
[23:24:42] [main/TRACE] [REI] [REIServerPlugin START] Reloading Section: "pre-stage/SlotAccessorRegistryImpl/" done in 10.24 μs
[23:24:42] [main/TRACE] [REI] [REIServerPlugin START] Reloading Section: "pre-stage/" done in 966.2 μs
[23:24:42] [main/DEBUG] [REI] ========================================
[23:24:42] [main/DEBUG] [REI] REIServerPlugin finished pre-reload for START in 1.905 ms.
[23:24:42] [main/DEBUG] [REI] ========================================
[23:24:42] [main/INFO] [REI] ========================================
[23:24:42] [main/INFO] [REI] REIPlugin starting main-reload for START.
[23:24:42] [main/DEBUG] [REI] Reloadables (7):
[23:24:42] [main/DEBUG] [REI]  - EntryTypeRegistryImpl
[23:24:42] [main/DEBUG] [REI]  - EntrySettingsAdapterRegistryImpl
[23:24:42] [main/DEBUG] [REI]  - RecipeManagerContextImpl
[23:24:42] [main/DEBUG] [REI]  - ItemComparatorRegistryImpl
[23:24:42] [main/DEBUG] [REI]  - FluidComparatorRegistryImpl
[23:24:42] [main/DEBUG] [REI]  - DisplaySerializerRegistryImpl
[23:24:42] [main/DEBUG] [REI]  - FluidSupportProviderImpl
[23:24:42] [main/INFO] [REI] Plugins (5):
[23:24:42] [main/INFO] [REI]  - (-100.00) DefaultPlugin of DefaultPlugin [roughlyenoughitems]
[23:24:42] [main/INFO] [REI]  - (0.00) FabricFluidAPISupportPlugin
[23:24:42] [main/INFO] [REI]  - (0.00) ReiCompat of ReiCompat [travelersbackpack]
[23:24:42] [main/INFO] [REI]  - (0.00) DefaultRuntimePlugin of DefaultRuntimePlugin [roughlyenoughitems]
[23:24:42] [main/INFO] [REI]  - (0.00) AddonReiCommonPlugin of AddonReiCommonPlugin [ad_astra_giselle_addon]
[23:24:42] [main/INFO] [REI] ========================================
[23:24:42] [main/TRACE] [REI] [REIPlugin START] Reloading Section: "start-reload/"
[23:24:42] [main/TRACE] [REI] [REIPlugin START] Reloading Section: "start-reload/EntryTypeRegistryImpl/"
[23:24:42] [main/TRACE] [REI] [REIPlugin START] Reloading Section: "start-reload/EntryTypeRegistryImpl/" done in 57.55 μs
[23:24:42] [main/TRACE] [REI] [REIPlugin START] Reloading Section: "start-reload/EntrySettingsAdapterRegistryImpl/"
[23:24:42] [main/TRACE] [REI] [REIPlugin START] Reloading Section: "start-reload/EntrySettingsAdapterRegistryImpl/" done in 11.65 μs
[23:24:42] [main/TRACE] [REI] [REIPlugin START] Reloading Section: "start-reload/RecipeManagerContextImpl/"
[23:24:42] [main/TRACE] [REI] [REIPlugin START] Reloading Section: "start-reload/RecipeManagerContextImpl/" done in 7.805 μs
[23:24:42] [main/TRACE] [REI] [REIPlugin START] Reloading Section: "start-reload/ItemComparatorRegistryImpl/"
[23:24:42] [main/TRACE] [REI] [REIPlugin START] Reloading Section: "start-reload/ItemComparatorRegistryImpl/" done in 28.64 μs
[23:24:42] [main/TRACE] [REI] [REIPlugin START] Reloading Section: "start-reload/FluidComparatorRegistryImpl/"
[23:24:42] [main/TRACE] [REI] [REIPlugin START] Reloading Section: "start-reload/FluidComparatorRegistryImpl/" done in 36.18 μs
[23:24:42] [main/TRACE] [REI] [REIPlugin START] Reloading Section: "start-reload/DisplaySerializerRegistryImpl/"
[23:24:42] [main/TRACE] [REI] [REIPlugin START] Reloading Section: "start-reload/DisplaySerializerRegistryImpl/" done in 12.73 μs
[23:24:42] [main/TRACE] [REI] [REIPlugin START] Reloading Section: "start-reload/FluidSupportProviderImpl/"
[23:24:42] [main/TRACE] [REI] [REIPlugin START] Reloading Section: "start-reload/FluidSupportProviderImpl/" done in 42.93 μs
[23:24:42] [main/TRACE] [REI] [REIPlugin START] Reloading Section: "start-reload/" done in 1.569 ms
[23:24:42] [main/DEBUG] [REI] ========================================
[23:24:42] [main/DEBUG] [REI] REIPlugin started main-reload for START.
[23:24:42] [main/DEBUG] [REI] ========================================
[23:24:42] [main/TRACE] [REI] [REIPlugin START] Reloading Section: "reloadable-plugin/EntryTypeRegistryImpl/"
[23:24:42] [main/TRACE] [REI] [REIPlugin START] Reloading Section: "reloadable-plugin/EntryTypeRegistryImpl/DefaultPlugin of DefaultPlugin [roughlyenoughitems]/"
[23:24:42] [main/TRACE] [REI] [REIPlugin START] Reloading Section: "reloadable-plugin/EntryTypeRegistryImpl/DefaultPlugin of DefaultPlugin [roughlyenoughitems]/" done in 228.5 μs
[23:24:42] [main/TRACE] [REI] [REIPlugin START] Reloading Section: "reloadable-plugin/EntryTypeRegistryImpl/FabricFluidAPISupportPlugin/"
[23:24:42] [main/TRACE] [REI] [REIPlugin START] Reloading Section: "reloadable-plugin/EntryTypeRegistryImpl/FabricFluidAPISupportPlugin/" done in 15.22 μs
[23:24:42] [main/TRACE] [REI] [REIPlugin START] Reloading Section: "reloadable-plugin/EntryTypeRegistryImpl/ReiCompat of ReiCompat [travelersbackpack]/"
[23:24:42] [main/TRACE] [REI] [REIPlugin START] Reloading Section: "reloadable-plugin/EntryTypeRegistryImpl/ReiCompat of ReiCompat [travelersbackpack]/" done in 15.95 μs
[23:24:42] [main/TRACE] [REI] [REIPlugin START] Reloading Section: "reloadable-plugin/EntryTypeRegistryImpl/DefaultRuntimePlugin of DefaultRuntimePlugin [roughlyenoughitems]/"
[23:24:42] [main/TRACE] [REI] [REIPlugin START] Reloading Section: "reloadable-plugin/EntryTypeRegistryImpl/DefaultRuntimePlugin of DefaultRuntimePlugin [roughlyenoughitems]/" done in 6.293 ms
[23:24:42] [main/TRACE] [REI] [REIPlugin START] Reloading Section: "reloadable-plugin/EntryTypeRegistryImpl/AddonReiCommonPlugin of AddonReiCommonPlugin [ad_astra_giselle_addon]/"
[23:24:42] [main/TRACE] [REI] [REIPlugin START] Reloading Section: "reloadable-plugin/EntryTypeRegistryImpl/AddonReiCommonPlugin of AddonReiCommonPlugin [ad_astra_giselle_addon]/" done in 17.45 μs
[23:24:42] [main/TRACE] [REI] [REIPlugin START] Reloading Section: "reloadable-plugin/EntryTypeRegistryImpl/" done in 9.893 ms
[23:24:42] [main/TRACE] [REI] [REIPlugin START] Reloading Section: "reloadable-plugin/EntrySettingsAdapterRegistryImpl/"
[23:24:42] [main/TRACE] [REI] [REIPlugin START] Reloading Section: "reloadable-plugin/EntrySettingsAdapterRegistryImpl/DefaultPlugin of DefaultPlugin [roughlyenoughitems]/"
[23:24:42] [main/TRACE] [REI] [REIPlugin START] Reloading Section: "reloadable-plugin/EntrySettingsAdapterRegistryImpl/DefaultPlugin of DefaultPlugin [roughlyenoughitems]/" done in 17.18 μs
[23:24:42] [main/TRACE] [REI] [REIPlugin START] Reloading Section: "reloadable-plugin/EntrySettingsAdapterRegistryImpl/FabricFluidAPISupportPlugin/"
[23:24:42] [main/TRACE] [REI] [REIPlugin START] Reloading Section: "reloadable-plugin/EntrySettingsAdapterRegistryImpl/FabricFluidAPISupportPlugin/" done in 17.39 μs
[23:24:42] [main/TRACE] [REI] [REIPlugin START] Reloading Section: "reloadable-plugin/EntrySettingsAdapterRegistryImpl/ReiCompat of ReiCompat [travelersbackpack]/"
[23:24:42] [main/TRACE] [REI] [REIPlugin START] Reloading Section: "reloadable-plugin/EntrySettingsAdapterRegistryImpl/ReiCompat of ReiCompat [travelersbackpack]/" done in 15.02 μs
[23:24:42] [main/TRACE] [REI] [REIPlugin START] Reloading Section: "reloadable-plugin/EntrySettingsAdapterRegistryImpl/DefaultRuntimePlugin of DefaultRuntimePlugin [roughlyenoughitems]/"
[23:24:42] [main/TRACE] [REI] [REIPlugin START] Reloading Section: "reloadable-plugin/EntrySettingsAdapterRegistryImpl/DefaultRuntimePlugin of DefaultRuntimePlugin [roughlyenoughitems]/" done in 14.24 μs
[23:24:42] [main/TRACE] [REI] [REIPlugin START] Reloading Section: "reloadable-plugin/EntrySettingsAdapterRegistryImpl/AddonReiCommonPlugin of AddonReiCommonPlugin [ad_astra_giselle_addon]/"
[23:24:42] [main/TRACE] [REI] [REIPlugin START] Reloading Section: "reloadable-plugin/EntrySettingsAdapterRegistryImpl/AddonReiCommonPlugin of AddonReiCommonPlugin [ad_astra_giselle_addon]/" done in 18.26 μs
[23:24:42] [main/TRACE] [REI] [REIPlugin START] Reloading Section: "reloadable-plugin/EntrySettingsAdapterRegistryImpl/" done in 2.183 ms
[23:24:42] [main/TRACE] [REI] [REIPlugin START] Reloading Section: "reloadable-plugin/RecipeManagerContextImpl/"
[23:24:42] [main/TRACE] [REI] [REIPlugin START] Reloading Section: "reloadable-plugin/RecipeManagerContextImpl/DefaultPlugin of DefaultPlugin [roughlyenoughitems]/"
[23:24:42] [main/TRACE] [REI] [REIPlugin START] Reloading Section: "reloadable-plugin/RecipeManagerContextImpl/DefaultPlugin of DefaultPlugin [roughlyenoughitems]/" done in 15.50 μs
[23:24:42] [main/TRACE] [REI] [REIPlugin START] Reloading Section: "reloadable-plugin/RecipeManagerContextImpl/FabricFluidAPISupportPlugin/"
[23:24:42] [main/TRACE] [REI] [REIPlugin START] Reloading Section: "reloadable-plugin/RecipeManagerContextImpl/FabricFluidAPISupportPlugin/" done in 15.04 μs
[23:24:42] [main/TRACE] [REI] [REIPlugin START] Reloading Section: "reloadable-plugin/RecipeManagerContextImpl/ReiCompat of ReiCompat [travelersbackpack]/"
[23:24:42] [main/TRACE] [REI] [REIPlugin START] Reloading Section: "reloadable-plugin/RecipeManagerContextImpl/ReiCompat of ReiCompat [travelersbackpack]/" done in 14.88 μs
[23:24:42] [main/TRACE] [REI] [REIPlugin START] Reloading Section: "reloadable-plugin/RecipeManagerContextImpl/DefaultRuntimePlugin of DefaultRuntimePlugin [roughlyenoughitems]/"
[23:24:42] [main/TRACE] [REI] [REIPlugin START] Reloading Section: "reloadable-plugin/RecipeManagerContextImpl/DefaultRuntimePlugin of DefaultRuntimePlugin [roughlyenoughitems]/" done in 15.15 μs
[23:24:42] [main/TRACE] [REI] [REIPlugin START] Reloading Section: "reloadable-plugin/RecipeManagerContextImpl/AddonReiCommonPlugin of AddonReiCommonPlugin [ad_astra_giselle_addon]/"
[23:24:42] [main/TRACE] [REI] [REIPlugin START] Reloading Section: "reloadable-plugin/RecipeManagerContextImpl/AddonReiCommonPlugin of AddonReiCommonPlugin [ad_astra_giselle_addon]/" done in 15.06 μs
[23:24:42] [main/TRACE] [REI] [REIPlugin START] Reloading Section: "reloadable-plugin/RecipeManagerContextImpl/" done in 2.074 ms
[23:24:42] [main/TRACE] [REI] [REIPlugin START] Reloading Section: "reloadable-plugin/ItemComparatorRegistryImpl/"
[23:24:42] [main/TRACE] [REI] [REIPlugin START] Reloading Section: "reloadable-plugin/ItemComparatorRegistryImpl/DefaultPlugin of DefaultPlugin [roughlyenoughitems]/"
[23:24:42] [main/TRACE] [REI] [REIPlugin START] Reloading Section: "reloadable-plugin/ItemComparatorRegistryImpl/DefaultPlugin of DefaultPlugin [roughlyenoughitems]/" done in 733.2 μs
[23:24:42] [main/TRACE] [REI] [REIPlugin START] Reloading Section: "reloadable-plugin/ItemComparatorRegistryImpl/FabricFluidAPISupportPlugin/"
[23:24:42] [main/TRACE] [REI] [REIPlugin START] Reloading Section: "reloadable-plugin/ItemComparatorRegistryImpl/FabricFluidAPISupportPlugin/" done in 17.99 μs
[23:24:42] [main/TRACE] [REI] [REIPlugin START] Reloading Section: "reloadable-plugin/ItemComparatorRegistryImpl/ReiCompat of ReiCompat [travelersbackpack]/"
[23:24:42] [main/TRACE] [REI] [REIPlugin START] Reloading Section: "reloadable-plugin/ItemComparatorRegistryImpl/ReiCompat of ReiCompat [travelersbackpack]/" done in 15.58 μs
[23:24:42] [main/TRACE] [REI] [REIPlugin START] Reloading Section: "reloadable-plugin/ItemComparatorRegistryImpl/DefaultRuntimePlugin of DefaultRuntimePlugin [roughlyenoughitems]/"
[23:24:42] [main/TRACE] [REI] [REIPlugin START] Reloading Section: "reloadable-plugin/ItemComparatorRegistryImpl/DefaultRuntimePlugin of DefaultRuntimePlugin [roughlyenoughitems]/" done in 18.06 μs
[23:24:42] [main/TRACE] [REI] [REIPlugin START] Reloading Section: "reloadable-plugin/ItemComparatorRegistryImpl/AddonReiCommonPlugin of AddonReiCommonPlugin [ad_astra_giselle_addon]/"
[23:24:42] [main/TRACE] [REI] [REIPlugin START] Reloading Section: "reloadable-plugin/ItemComparatorRegistryImpl/AddonReiCommonPlugin of AddonReiCommonPlugin [ad_astra_giselle_addon]/" done in 15.19 μs
[23:24:42] [main/TRACE] [REI] [REIPlugin START] Reloading Section: "reloadable-plugin/ItemComparatorRegistryImpl/" done in 2.878 ms
[23:24:42] [main/TRACE] [REI] [REIPlugin START] Reloading Section: "reloadable-plugin/FluidComparatorRegistryImpl/"
[23:24:42] [main/TRACE] [REI] [REIPlugin START] Reloading Section: "reloadable-plugin/FluidComparatorRegistryImpl/DefaultPlugin of DefaultPlugin [roughlyenoughitems]/"
[23:24:42] [main/TRACE] [REI] [REIPlugin START] Reloading Section: "reloadable-plugin/FluidComparatorRegistryImpl/DefaultPlugin of DefaultPlugin [roughlyenoughitems]/" done in 22.93 μs
[23:24:42] [main/TRACE] [REI] [REIPlugin START] Reloading Section: "reloadable-plugin/FluidComparatorRegistryImpl/FabricFluidAPISupportPlugin/"
[23:24:42] [main/TRACE] [REI] [REIPlugin START] Reloading Section: "reloadable-plugin/FluidComparatorRegistryImpl/FabricFluidAPISupportPlugin/" done in 15.58 μs
[23:24:42] [main/TRACE] [REI] [REIPlugin START] Reloading Section: "reloadable-plugin/FluidComparatorRegistryImpl/ReiCompat of ReiCompat [travelersbackpack]/"
[23:24:42] [main/TRACE] [REI] [REIPlugin START] Reloading Section: "reloadable-plugin/FluidComparatorRegistryImpl/ReiCompat of ReiCompat [travelersbackpack]/" done in 14.34 μs
[23:24:42] [main/TRACE] [REI] [REIPlugin START] Reloading Section: "reloadable-plugin/FluidComparatorRegistryImpl/DefaultRuntimePlugin of DefaultRuntimePlugin [roughlyenoughitems]/"
[23:24:42] [main/TRACE] [REI] [REIPlugin START] Reloading Section: "reloadable-plugin/FluidComparatorRegistryImpl/DefaultRuntimePlugin of DefaultRuntimePlugin [roughlyenoughitems]/" done in 15.00 μs
[23:24:42] [main/TRACE] [REI] [REIPlugin START] Reloading Section: "reloadable-plugin/FluidComparatorRegistryImpl/AddonReiCommonPlugin of AddonReiCommonPlugin [ad_astra_giselle_addon]/"
[23:24:42] [main/TRACE] [REI] [REIPlugin START] Reloading Section: "reloadable-plugin/FluidComparatorRegistryImpl/AddonReiCommonPlugin of AddonReiCommonPlugin [ad_astra_giselle_addon]/" done in 14.40 μs
[23:24:42] [main/TRACE] [REI] [REIPlugin START] Reloading Section: "reloadable-plugin/FluidComparatorRegistryImpl/" done in 2.038 ms
[23:24:42] [main/TRACE] [REI] [REIPlugin START] Reloading Section: "reloadable-plugin/DisplaySerializerRegistryImpl/"
[23:24:42] [main/TRACE] [REI] [REIPlugin START] Reloading Section: "reloadable-plugin/DisplaySerializerRegistryImpl/DefaultPlugin of DefaultPlugin [roughlyenoughitems]/"
[23:24:42] [main/TRACE] [REI] [REIPlugin START] Reloading Section: "reloadable-plugin/DisplaySerializerRegistryImpl/DefaultPlugin of DefaultPlugin [roughlyenoughitems]/" done in 15.96 μs
[23:24:42] [main/TRACE] [REI] [REIPlugin START] Reloading Section: "reloadable-plugin/DisplaySerializerRegistryImpl/FabricFluidAPISupportPlugin/"
[23:24:42] [main/TRACE] [REI] [REIPlugin START] Reloading Section: "reloadable-plugin/DisplaySerializerRegistryImpl/FabricFluidAPISupportPlugin/" done in 15.91 μs
[23:24:42] [main/TRACE] [REI] [REIPlugin START] Reloading Section: "reloadable-plugin/DisplaySerializerRegistryImpl/ReiCompat of ReiCompat [travelersbackpack]/"
[23:24:42] [main/TRACE] [REI] [REIPlugin START] Reloading Section: "reloadable-plugin/DisplaySerializerRegistryImpl/ReiCompat of ReiCompat [travelersbackpack]/" done in 17.01 μs
[23:24:42] [main/TRACE] [REI] [REIPlugin START] Reloading Section: "reloadable-plugin/DisplaySerializerRegistryImpl/DefaultRuntimePlugin of DefaultRuntimePlugin [roughlyenoughitems]/"
[23:24:42] [main/TRACE] [REI] [REIPlugin START] Reloading Section: "reloadable-plugin/DisplaySerializerRegistryImpl/DefaultRuntimePlugin of DefaultRuntimePlugin [roughlyenoughitems]/" done in 13.17 μs
[23:24:42] [main/TRACE] [REI] [REIPlugin START] Reloading Section: "reloadable-plugin/DisplaySerializerRegistryImpl/AddonReiCommonPlugin of AddonReiCommonPlugin [ad_astra_giselle_addon]/"
[23:24:42] [main/TRACE] [REI] [REIPlugin START] Reloading Section: "reloadable-plugin/DisplaySerializerRegistryImpl/AddonReiCommonPlugin of AddonReiCommonPlugin [ad_astra_giselle_addon]/" done in 12.93 μs
[23:24:42] [main/TRACE] [REI] [REIPlugin START] Reloading Section: "reloadable-plugin/DisplaySerializerRegistryImpl/" done in 1.569 ms
[23:24:42] [main/TRACE] [REI] [REIPlugin START] Reloading Section: "reloadable-plugin/FluidSupportProviderImpl/"
[23:24:42] [main/TRACE] [REI] [REIPlugin START] Reloading Section: "reloadable-plugin/FluidSupportProviderImpl/DefaultPlugin of DefaultPlugin [roughlyenoughitems]/"
[23:24:42] [main/TRACE] [REI] [REIPlugin START] Reloading Section: "reloadable-plugin/FluidSupportProviderImpl/DefaultPlugin of DefaultPlugin [roughlyenoughitems]/" done in 601.8 μs
[23:24:42] [main/TRACE] [REI] [REIPlugin START] Reloading Section: "reloadable-plugin/FluidSupportProviderImpl/FabricFluidAPISupportPlugin/"
[23:24:42] [main/TRACE] [REI] [REIPlugin START] Reloading Section: "reloadable-plugin/FluidSupportProviderImpl/FabricFluidAPISupportPlugin/" done in 183.2 μs
[23:24:42] [main/TRACE] [REI] [REIPlugin START] Reloading Section: "reloadable-plugin/FluidSupportProviderImpl/ReiCompat of ReiCompat [travelersbackpack]/"
[23:24:42] [main/TRACE] [REI] [REIPlugin START] Reloading Section: "reloadable-plugin/FluidSupportProviderImpl/ReiCompat of ReiCompat [travelersbackpack]/" done in 14.93 μs
[23:24:42] [main/TRACE] [REI] [REIPlugin START] Reloading Section: "reloadable-plugin/FluidSupportProviderImpl/DefaultRuntimePlugin of DefaultRuntimePlugin [roughlyenoughitems]/"
[23:24:42] [main/TRACE] [REI] [REIPlugin START] Reloading Section: "reloadable-plugin/FluidSupportProviderImpl/DefaultRuntimePlugin of DefaultRuntimePlugin [roughlyenoughitems]/" done in 14.74 μs
[23:24:42] [main/TRACE] [REI] [REIPlugin START] Reloading Section: "reloadable-plugin/FluidSupportProviderImpl/AddonReiCommonPlugin of AddonReiCommonPlugin [ad_astra_giselle_addon]/"
[23:24:42] [main/TRACE] [REI] [REIPlugin START] Reloading Section: "reloadable-plugin/FluidSupportProviderImpl/AddonReiCommonPlugin of AddonReiCommonPlugin [ad_astra_giselle_addon]/" done in 15.16 μs
[23:24:42] [main/TRACE] [REI] [REIPlugin START] Reloading Section: "reloadable-plugin/FluidSupportProviderImpl/" done in 2.008 ms
[23:24:42] [main/DEBUG] [REI] ========================================
[23:24:42] [main/DEBUG] [REI] REIPlugin ending main-reload for START.
[23:24:42] [main/DEBUG] [REI] ========================================
[23:24:42] [main/TRACE] [REI] [REIPlugin START] Reloading Section: "end-reload/"
[23:24:42] [main/TRACE] [REI] [REIPlugin START] Reloading Section: "end-reload/EntryTypeRegistryImpl/"
[23:24:42] [main/TRACE] [REI] [REIPlugin START] Reloading Section: "end-reload/EntryTypeRegistryImpl/" done in 16.47 μs
[23:24:42] [main/TRACE] [REI] [REIPlugin START] Reloading Section: "end-reload/EntrySettingsAdapterRegistryImpl/"
[23:24:42] [main/TRACE] [REI] [REIPlugin START] Reloading Section: "end-reload/EntrySettingsAdapterRegistryImpl/" done in 9.148 μs
[23:24:42] [main/TRACE] [REI] [REIPlugin START] Reloading Section: "end-reload/RecipeManagerContextImpl/"
[23:24:42] [main/TRACE] [REI] [REIPlugin START] Reloading Section: "end-reload/RecipeManagerContextImpl/" done in 8.465 μs
[23:24:42] [main/TRACE] [REI] [REIPlugin START] Reloading Section: "end-reload/ItemComparatorRegistryImpl/"
[23:24:42] [main/TRACE] [REI] [REIPlugin START] Reloading Section: "end-reload/ItemComparatorRegistryImpl/" done in 8.846 μs
[23:24:42] [main/TRACE] [REI] [REIPlugin START] Reloading Section: "end-reload/FluidComparatorRegistryImpl/"
[23:24:42] [main/TRACE] [REI] [REIPlugin START] Reloading Section: "end-reload/FluidComparatorRegistryImpl/" done in 8.445 μs
[23:24:42] [main/TRACE] [REI] [REIPlugin START] Reloading Section: "end-reload/DisplaySerializerRegistryImpl/"
[23:24:42] [main/TRACE] [REI] [REIPlugin START] Reloading Section: "end-reload/DisplaySerializerRegistryImpl/" done in 12.82 μs
[23:24:42] [main/TRACE] [REI] [REIPlugin START] Reloading Section: "end-reload/FluidSupportProviderImpl/"
[23:24:42] [main/TRACE] [REI] [REIPlugin START] Reloading Section: "end-reload/FluidSupportProviderImpl/" done in 8.616 μs
[23:24:42] [main/TRACE] [REI] [REIPlugin START] Reloading Section: "end-reload/" done in 2.809 ms
[23:24:42] [main/DEBUG] [REI] ========================================
[23:24:42] [main/DEBUG] [REI] REIPlugin ended main-reload for START in 34.85 ms.
[23:24:42] [main/DEBUG] [REI] ========================================
[23:24:42] [main/INFO] [REI] %%%%%%%%%%%%%%%%%%%%%%%%%%%%%%%%%%%%%%%%
[23:24:42] [main/INFO] [REI] REIServerPlugin starting main-reload for START.
[23:24:42] [main/DEBUG] [REI] Reloadables (2):
[23:24:42] [main/DEBUG] [REI]  - MenuInfoRegistryImpl
[23:24:42] [main/DEBUG] [REI]  - SlotAccessorRegistryImpl
[23:24:42] [main/INFO] [REI] Plugins (5):
[23:24:42] [main/INFO] [REI]  - (-100.00) DefaultPlugin of DefaultPlugin [roughlyenoughitems]
[23:24:42] [main/INFO] [REI]  - (0.00) FabricFluidAPISupportPlugin
[23:24:42] [main/INFO] [REI]  - (0.00) ReiCompat of ReiCompat [travelersbackpack]
[23:24:42] [main/INFO] [REI]  - (0.00) DefaultRuntimePlugin of DefaultRuntimePlugin [roughlyenoughitems]
[23:24:42] [main/INFO] [REI]  - (0.00) AddonReiCommonPlugin of AddonReiCommonPlugin [ad_astra_giselle_addon]
[23:24:42] [main/INFO] [REI] %%%%%%%%%%%%%%%%%%%%%%%%%%%%%%%%%%%%%%%%
[23:24:42] [main/TRACE] [REI] [REIServerPlugin START] Reloading Section: "start-reload/"
[23:24:42] [main/TRACE] [REI] [REIServerPlugin START] Reloading Section: "start-reload/MenuInfoRegistryImpl/"
[23:24:42] [main/TRACE] [REI] [REIServerPlugin START] Reloading Section: "start-reload/MenuInfoRegistryImpl/" done in 11.34 μs
[23:24:42] [main/TRACE] [REI] [REIServerPlugin START] Reloading Section: "start-reload/SlotAccessorRegistryImpl/"
[23:24:42] [main/TRACE] [REI] [REIServerPlugin START] Reloading Section: "start-reload/SlotAccessorRegistryImpl/" done in 9.588 μs
[23:24:42] [main/TRACE] [REI] [REIServerPlugin START] Reloading Section: "start-reload/" done in 909.1 μs
[23:24:42] [main/DEBUG] [REI] ========================================
[23:24:42] [main/DEBUG] [REI] REIServerPlugin started main-reload for START.
[23:24:42] [main/DEBUG] [REI] ========================================
[23:24:42] [main/TRACE] [REI] [REIServerPlugin START] Reloading Section: "reloadable-plugin/MenuInfoRegistryImpl/"
[23:24:42] [main/TRACE] [REI] [REIServerPlugin START] Reloading Section: "reloadable-plugin/MenuInfoRegistryImpl/DefaultPlugin of DefaultPlugin [roughlyenoughitems]/"
[23:24:42] [main/TRACE] [REI] [REIServerPlugin START] Reloading Section: "reloadable-plugin/MenuInfoRegistryImpl/DefaultPlugin of DefaultPlugin [roughlyenoughitems]/" done in 17.56 μs
[23:24:42] [main/TRACE] [REI] [REIServerPlugin START] Reloading Section: "reloadable-plugin/MenuInfoRegistryImpl/FabricFluidAPISupportPlugin/"
[23:24:42] [main/TRACE] [REI] [REIServerPlugin START] Reloading Section: "reloadable-plugin/MenuInfoRegistryImpl/FabricFluidAPISupportPlugin/" done in 13.82 μs
[23:24:42] [main/TRACE] [REI] [REIServerPlugin START] Reloading Section: "reloadable-plugin/MenuInfoRegistryImpl/ReiCompat of ReiCompat [travelersbackpack]/"
[23:24:42] [main/TRACE] [REI] [REIServerPlugin START] Reloading Section: "reloadable-plugin/MenuInfoRegistryImpl/ReiCompat of ReiCompat [travelersbackpack]/" done in 12.83 μs
[23:24:42] [main/TRACE] [REI] [REIServerPlugin START] Reloading Section: "reloadable-plugin/MenuInfoRegistryImpl/DefaultRuntimePlugin of DefaultRuntimePlugin [roughlyenoughitems]/"
[23:24:42] [main/TRACE] [REI] [REIServerPlugin START] Reloading Section: "reloadable-plugin/MenuInfoRegistryImpl/DefaultRuntimePlugin of DefaultRuntimePlugin [roughlyenoughitems]/" done in 13.40 μs
[23:24:42] [main/TRACE] [REI] [REIServerPlugin START] Reloading Section: "reloadable-plugin/MenuInfoRegistryImpl/AddonReiCommonPlugin of AddonReiCommonPlugin [ad_astra_giselle_addon]/"
[23:24:42] [main/TRACE] [REI] [REIServerPlugin START] Reloading Section: "reloadable-plugin/MenuInfoRegistryImpl/AddonReiCommonPlugin of AddonReiCommonPlugin [ad_astra_giselle_addon]/" done in 12.92 μs
[23:24:42] [main/TRACE] [REI] [REIServerPlugin START] Reloading Section: "reloadable-plugin/MenuInfoRegistryImpl/" done in 2.037 ms
[23:24:42] [main/TRACE] [REI] [REIServerPlugin START] Reloading Section: "reloadable-plugin/SlotAccessorRegistryImpl/"
[23:24:42] [main/TRACE] [REI] [REIServerPlugin START] Reloading Section: "reloadable-plugin/SlotAccessorRegistryImpl/DefaultPlugin of DefaultPlugin [roughlyenoughitems]/"
[23:24:42] [main/TRACE] [REI] [REIServerPlugin START] Reloading Section: "reloadable-plugin/SlotAccessorRegistryImpl/DefaultPlugin of DefaultPlugin [roughlyenoughitems]/" done in 16.27 μs
[23:24:42] [main/TRACE] [REI] [REIServerPlugin START] Reloading Section: "reloadable-plugin/SlotAccessorRegistryImpl/FabricFluidAPISupportPlugin/"
[23:24:42] [main/TRACE] [REI] [REIServerPlugin START] Reloading Section: "reloadable-plugin/SlotAccessorRegistryImpl/FabricFluidAPISupportPlugin/" done in 12.31 μs
[23:24:42] [main/TRACE] [REI] [REIServerPlugin START] Reloading Section: "reloadable-plugin/SlotAccessorRegistryImpl/ReiCompat of ReiCompat [travelersbackpack]/"
[23:24:42] [main/TRACE] [REI] [REIServerPlugin START] Reloading Section: "reloadable-plugin/SlotAccessorRegistryImpl/ReiCompat of ReiCompat [travelersbackpack]/" done in 12.30 μs
[23:24:42] [main/TRACE] [REI] [REIServerPlugin START] Reloading Section: "reloadable-plugin/SlotAccessorRegistryImpl/DefaultRuntimePlugin of DefaultRuntimePlugin [roughlyenoughitems]/"
[23:24:42] [main/TRACE] [REI] [REIServerPlugin START] Reloading Section: "reloadable-plugin/SlotAccessorRegistryImpl/DefaultRuntimePlugin of DefaultRuntimePlugin [roughlyenoughitems]/" done in 13.12 μs
[23:24:42] [main/TRACE] [REI] [REIServerPlugin START] Reloading Section: "reloadable-plugin/SlotAccessorRegistryImpl/AddonReiCommonPlugin of AddonReiCommonPlugin [ad_astra_giselle_addon]/"
[23:24:42] [main/TRACE] [REI] [REIServerPlugin START] Reloading Section: "reloadable-plugin/SlotAccessorRegistryImpl/AddonReiCommonPlugin of AddonReiCommonPlugin [ad_astra_giselle_addon]/" done in 15.32 μs
[23:24:42] [main/TRACE] [REI] [REIServerPlugin START] Reloading Section: "reloadable-plugin/SlotAccessorRegistryImpl/" done in 1.854 ms
[23:24:42] [main/DEBUG] [REI] ========================================
[23:24:42] [main/DEBUG] [REI] REIServerPlugin ending main-reload for START.
[23:24:42] [main/DEBUG] [REI] ========================================
[23:24:42] [main/TRACE] [REI] [REIServerPlugin START] Reloading Section: "end-reload/"
[23:24:42] [main/TRACE] [REI] [REIServerPlugin START] Reloading Section: "end-reload/MenuInfoRegistryImpl/"
[23:24:42] [main/TRACE] [REI] [REIServerPlugin START] Reloading Section: "end-reload/MenuInfoRegistryImpl/" done in 8.817 μs
[23:24:42] [main/TRACE] [REI] [REIServerPlugin START] Reloading Section: "end-reload/SlotAccessorRegistryImpl/"
[23:24:42] [main/TRACE] [REI] [REIServerPlugin START] Reloading Section: "end-reload/SlotAccessorRegistryImpl/" done in 8.075 μs
[23:24:42] [main/TRACE] [REI] [REIServerPlugin START] Reloading Section: "end-reload/" done in 676.3 μs
[23:24:42] [main/DEBUG] [REI] ========================================
[23:24:42] [main/DEBUG] [REI] REIServerPlugin ended main-reload for START in 11.89 ms.
[23:24:42] [main/DEBUG] [REI] ========================================
[23:24:42] [main/DEBUG] [REI] ========================================
[23:24:42] [main/DEBUG] [REI] REIPlugin starting post-reload for START.
[23:24:42] [main/DEBUG] [REI] Reloadables (7):
[23:24:42] [main/DEBUG] [REI]  - EntryTypeRegistryImpl
[23:24:42] [main/DEBUG] [REI]  - EntrySettingsAdapterRegistryImpl
[23:24:42] [main/DEBUG] [REI]  - RecipeManagerContextImpl
[23:24:42] [main/DEBUG] [REI]  - ItemComparatorRegistryImpl
[23:24:42] [main/DEBUG] [REI]  - FluidComparatorRegistryImpl
[23:24:42] [main/DEBUG] [REI]  - DisplaySerializerRegistryImpl
[23:24:42] [main/DEBUG] [REI]  - FluidSupportProviderImpl
[23:24:42] [main/DEBUG] [REI] Plugins (5):
[23:24:42] [main/DEBUG] [REI]  - (-100.00) DefaultPlugin of DefaultPlugin [roughlyenoughitems]
[23:24:42] [main/DEBUG] [REI]  - (0.00) FabricFluidAPISupportPlugin
[23:24:42] [main/DEBUG] [REI]  - (0.00) ReiCompat of ReiCompat [travelersbackpack]
[23:24:42] [main/DEBUG] [REI]  - (0.00) DefaultRuntimePlugin of DefaultRuntimePlugin [roughlyenoughitems]
[23:24:42] [main/DEBUG] [REI]  - (0.00) AddonReiCommonPlugin of AddonReiCommonPlugin [ad_astra_giselle_addon]
[23:24:42] [main/DEBUG] [REI] ========================================
[23:24:42] [main/TRACE] [REI] [REIPlugin START] Reloading Section: "post-register/"
[23:24:42] [main/TRACE] [REI] [REIPlugin START] Reloading Section: "post-register/DefaultPlugin of DefaultPlugin [roughlyenoughitems]/"
[23:24:42] [main/TRACE] [REI] [REIPlugin START] Reloading Section: "post-register/DefaultPlugin of DefaultPlugin [roughlyenoughitems]/" done in 180.3 μs
[23:24:42] [main/TRACE] [REI] [REIPlugin START] Reloading Section: "post-register/FabricFluidAPISupportPlugin/"
[23:24:42] [main/TRACE] [REI] [REIPlugin START] Reloading Section: "post-register/FabricFluidAPISupportPlugin/" done in 10.38 μs
[23:24:42] [main/TRACE] [REI] [REIPlugin START] Reloading Section: "post-register/ReiCompat of ReiCompat [travelersbackpack]/"
[23:24:42] [main/TRACE] [REI] [REIPlugin START] Reloading Section: "post-register/ReiCompat of ReiCompat [travelersbackpack]/" done in 9.257 μs
[23:24:42] [main/TRACE] [REI] [REIPlugin START] Reloading Section: "post-register/DefaultRuntimePlugin of DefaultRuntimePlugin [roughlyenoughitems]/"
[23:24:42] [main/TRACE] [REI] [REIPlugin START] Reloading Section: "post-register/DefaultRuntimePlugin of DefaultRuntimePlugin [roughlyenoughitems]/" done in 8.766 μs
[23:24:42] [main/TRACE] [REI] [REIPlugin START] Reloading Section: "post-register/AddonReiCommonPlugin of AddonReiCommonPlugin [ad_astra_giselle_addon]/"
[23:24:42] [main/TRACE] [REI] [REIPlugin START] Reloading Section: "post-register/AddonReiCommonPlugin of AddonReiCommonPlugin [ad_astra_giselle_addon]/" done in 8.907 μs
[23:24:42] [main/TRACE] [REI] [REIPlugin START] Reloading Section: "post-register/" done in 1.035 ms
[23:24:42] [main/TRACE] [REI] [REIPlugin START] Reloading Section: "post-stage/"
[23:24:42] [main/TRACE] [REI] [REIPlugin START] Reloading Section: "post-stage/EntryTypeRegistryImpl/"
[23:24:42] [main/TRACE] [REI] [REIPlugin START] Reloading Section: "post-stage/EntryTypeRegistryImpl/" done in 13.22 μs
[23:24:42] [main/TRACE] [REI] [REIPlugin START] Reloading Section: "post-stage/EntrySettingsAdapterRegistryImpl/"
[23:24:42] [main/TRACE] [REI] [REIPlugin START] Reloading Section: "post-stage/EntrySettingsAdapterRegistryImpl/" done in 6.422 μs
[23:24:42] [main/TRACE] [REI] [REIPlugin START] Reloading Section: "post-stage/RecipeManagerContextImpl/"
[23:24:42] [main/TRACE] [REI] [REIPlugin START] Reloading Section: "post-stage/RecipeManagerContextImpl/" done in 6.411 μs
[23:24:42] [main/TRACE] [REI] [REIPlugin START] Reloading Section: "post-stage/ItemComparatorRegistryImpl/"
[23:24:42] [main/TRACE] [REI] [REIPlugin START] Reloading Section: "post-stage/ItemComparatorRegistryImpl/" done in 8.806 μs
[23:24:42] [main/TRACE] [REI] [REIPlugin START] Reloading Section: "post-stage/FluidComparatorRegistryImpl/"
[23:24:42] [main/TRACE] [REI] [REIPlugin START] Reloading Section: "post-stage/FluidComparatorRegistryImpl/" done in 7.063 μs
[23:24:42] [main/TRACE] [REI] [REIPlugin START] Reloading Section: "post-stage/DisplaySerializerRegistryImpl/"
[23:24:42] [main/TRACE] [REI] [REIPlugin START] Reloading Section: "post-stage/DisplaySerializerRegistryImpl/" done in 6.983 μs
[23:24:42] [main/TRACE] [REI] [REIPlugin START] Reloading Section: "post-stage/FluidSupportProviderImpl/"
[23:24:42] [main/TRACE] [REI] [REIPlugin START] Reloading Section: "post-stage/FluidSupportProviderImpl/" done in 6.723 μs
[23:24:42] [main/TRACE] [REI] [REIPlugin START] Reloading Section: "post-stage/" done in 1.252 ms
[23:24:42] [main/DEBUG] [REI] ========================================
[23:24:42] [main/INFO] [REI] REIPlugin finished post-reload for START in 2.495 ms, totaling 55.63 ms.
[23:24:42] [main/DEBUG] [REI] ========================================
[23:24:42] [main/DEBUG] [REI] ========================================
[23:24:42] [main/DEBUG] [REI] REIServerPlugin starting post-reload for START.
[23:24:42] [main/DEBUG] [REI] Reloadables (2):
[23:24:42] [main/DEBUG] [REI]  - MenuInfoRegistryImpl
[23:24:42] [main/DEBUG] [REI]  - SlotAccessorRegistryImpl
[23:24:42] [main/DEBUG] [REI] Plugins (5):
[23:24:42] [main/DEBUG] [REI]  - (-100.00) DefaultPlugin of DefaultPlugin [roughlyenoughitems]
[23:24:42] [main/DEBUG] [REI]  - (0.00) FabricFluidAPISupportPlugin
[23:24:42] [main/DEBUG] [REI]  - (0.00) ReiCompat of ReiCompat [travelersbackpack]
[23:24:42] [main/DEBUG] [REI]  - (0.00) DefaultRuntimePlugin of DefaultRuntimePlugin [roughlyenoughitems]
[23:24:42] [main/DEBUG] [REI]  - (0.00) AddonReiCommonPlugin of AddonReiCommonPlugin [ad_astra_giselle_addon]
[23:24:42] [main/DEBUG] [REI] ========================================
[23:24:42] [main/TRACE] [REI] [REIServerPlugin START] Reloading Section: "post-register/"
[23:24:42] [main/TRACE] [REI] [REIServerPlugin START] Reloading Section: "post-register/DefaultPlugin of DefaultPlugin [roughlyenoughitems]/"
[23:24:42] [main/TRACE] [REI] [REIServerPlugin START] Reloading Section: "post-register/DefaultPlugin of DefaultPlugin [roughlyenoughitems]/" done in 10.56 μs
[23:24:42] [main/TRACE] [REI] [REIServerPlugin START] Reloading Section: "post-register/FabricFluidAPISupportPlugin/"
[23:24:42] [main/TRACE] [REI] [REIServerPlugin START] Reloading Section: "post-register/FabricFluidAPISupportPlugin/" done in 8.796 μs
[23:24:42] [main/TRACE] [REI] [REIServerPlugin START] Reloading Section: "post-register/ReiCompat of ReiCompat [travelersbackpack]/"
[23:24:42] [main/TRACE] [REI] [REIServerPlugin START] Reloading Section: "post-register/ReiCompat of ReiCompat [travelersbackpack]/" done in 9.017 μs
[23:24:42] [main/TRACE] [REI] [REIServerPlugin START] Reloading Section: "post-register/DefaultRuntimePlugin of DefaultRuntimePlugin [roughlyenoughitems]/"
[23:24:42] [main/TRACE] [REI] [REIServerPlugin START] Reloading Section: "post-register/DefaultRuntimePlugin of DefaultRuntimePlugin [roughlyenoughitems]/" done in 11.43 μs
[23:24:42] [main/TRACE] [REI] [REIServerPlugin START] Reloading Section: "post-register/AddonReiCommonPlugin of AddonReiCommonPlugin [ad_astra_giselle_addon]/"
[23:24:42] [main/TRACE] [REI] [REIServerPlugin START] Reloading Section: "post-register/AddonReiCommonPlugin of AddonReiCommonPlugin [ad_astra_giselle_addon]/" done in 9.538 μs
[23:24:42] [main/TRACE] [REI] [REIServerPlugin START] Reloading Section: "post-register/" done in 621.8 μs
[23:24:42] [main/TRACE] [REI] [REIServerPlugin START] Reloading Section: "post-stage/"
[23:24:42] [main/TRACE] [REI] [REIServerPlugin START] Reloading Section: "post-stage/MenuInfoRegistryImpl/"
[23:24:42] [main/TRACE] [REI] [REIServerPlugin START] Reloading Section: "post-stage/MenuInfoRegistryImpl/" done in 7.354 μs
[23:24:42] [main/TRACE] [REI] [REIServerPlugin START] Reloading Section: "post-stage/SlotAccessorRegistryImpl/"
[23:24:42] [main/TRACE] [REI] [REIServerPlugin START] Reloading Section: "post-stage/SlotAccessorRegistryImpl/" done in 6.041 μs
[23:24:42] [main/TRACE] [REI] [REIServerPlugin START] Reloading Section: "post-stage/" done in 232.6 μs
[23:24:42] [main/DEBUG] [REI] ========================================
[23:24:42] [main/INFO] [REI] REIServerPlugin finished post-reload for START in 1.053 ms, totaling 14.71 ms.
[23:24:42] [main/DEBUG] [REI] ========================================
[23:24:42] [main/DEBUG] [REI] ========================================
[23:24:42] [main/DEBUG] [REI] REIPlugin starting pre-reload for END.
[23:24:42] [main/DEBUG] [REI] Reloadables (7):
[23:24:42] [main/DEBUG] [REI]  - EntryTypeRegistryImpl
[23:24:42] [main/DEBUG] [REI]  - EntrySettingsAdapterRegistryImpl
[23:24:42] [main/DEBUG] [REI]  - RecipeManagerContextImpl
[23:24:42] [main/DEBUG] [REI]  - ItemComparatorRegistryImpl
[23:24:42] [main/DEBUG] [REI]  - FluidComparatorRegistryImpl
[23:24:42] [main/DEBUG] [REI]  - DisplaySerializerRegistryImpl
[23:24:42] [main/DEBUG] [REI]  - FluidSupportProviderImpl
[23:24:42] [main/DEBUG] [REI] Plugins (5):
[23:24:42] [main/DEBUG] [REI]  - (-100.00) DefaultPlugin of DefaultPlugin [roughlyenoughitems]
[23:24:42] [main/DEBUG] [REI]  - (0.00) FabricFluidAPISupportPlugin
[23:24:42] [main/DEBUG] [REI]  - (0.00) ReiCompat of ReiCompat [travelersbackpack]
[23:24:42] [main/DEBUG] [REI]  - (0.00) DefaultRuntimePlugin of DefaultRuntimePlugin [roughlyenoughitems]
[23:24:42] [main/DEBUG] [REI]  - (0.00) AddonReiCommonPlugin of AddonReiCommonPlugin [ad_astra_giselle_addon]
[23:24:42] [main/DEBUG] [REI] ========================================
[23:24:42] [main/TRACE] [REI] [REIPlugin END] Reloading Section: "pre-register/"
[23:24:42] [main/TRACE] [REI] [REIPlugin END] Reloading Section: "pre-register/DefaultPlugin of DefaultPlugin [roughlyenoughitems]/"
[23:24:42] [main/TRACE] [REI] [REIPlugin END] Reloading Section: "pre-register/DefaultPlugin of DefaultPlugin [roughlyenoughitems]/" done in 11.02 μs
[23:24:42] [main/TRACE] [REI] [REIPlugin END] Reloading Section: "pre-register/FabricFluidAPISupportPlugin/"
[23:24:42] [main/TRACE] [REI] [REIPlugin END] Reloading Section: "pre-register/FabricFluidAPISupportPlugin/" done in 9.407 μs
[23:24:42] [main/TRACE] [REI] [REIPlugin END] Reloading Section: "pre-register/ReiCompat of ReiCompat [travelersbackpack]/"
[23:24:42] [main/TRACE] [REI] [REIPlugin END] Reloading Section: "pre-register/ReiCompat of ReiCompat [travelersbackpack]/" done in 8.466 μs
[23:24:42] [main/TRACE] [REI] [REIPlugin END] Reloading Section: "pre-register/DefaultRuntimePlugin of DefaultRuntimePlugin [roughlyenoughitems]/"
[23:24:42] [main/TRACE] [REI] [REIPlugin END] Reloading Section: "pre-register/DefaultRuntimePlugin of DefaultRuntimePlugin [roughlyenoughitems]/" done in 8.706 μs
[23:24:42] [main/TRACE] [REI] [REIPlugin END] Reloading Section: "pre-register/AddonReiCommonPlugin of AddonReiCommonPlugin [ad_astra_giselle_addon]/"
[23:24:42] [main/TRACE] [REI] [REIPlugin END] Reloading Section: "pre-register/AddonReiCommonPlugin of AddonReiCommonPlugin [ad_astra_giselle_addon]/" done in 8.665 μs
[23:24:42] [main/TRACE] [REI] [REIPlugin END] Reloading Section: "pre-register/" done in 801.7 μs
[23:24:42] [main/TRACE] [REI] [REIPlugin END] Reloading Section: "pre-stage/"
[23:24:42] [main/TRACE] [REI] [REIPlugin END] Reloading Section: "pre-stage/EntryTypeRegistryImpl/"
[23:24:42] [main/TRACE] [REI] [REIPlugin END] Reloading Section: "pre-stage/EntryTypeRegistryImpl/" done in 6.903 μs
[23:24:42] [main/TRACE] [REI] [REIPlugin END] Reloading Section: "pre-stage/EntrySettingsAdapterRegistryImpl/"
[23:24:42] [main/TRACE] [REI] [REIPlugin END] Reloading Section: "pre-stage/EntrySettingsAdapterRegistryImpl/" done in 6.863 μs
[23:24:42] [main/TRACE] [REI] [REIPlugin END] Reloading Section: "pre-stage/RecipeManagerContextImpl/"
[23:24:42] [main/TRACE] [REI] [REIPlugin END] Reloading Section: "pre-stage/RecipeManagerContextImpl/" done in 6.723 μs
[23:24:42] [main/TRACE] [REI] [REIPlugin END] Reloading Section: "pre-stage/ItemComparatorRegistryImpl/"
[23:24:42] [main/TRACE] [REI] [REIPlugin END] Reloading Section: "pre-stage/ItemComparatorRegistryImpl/" done in 11.07 μs
[23:24:42] [main/TRACE] [REI] [REIPlugin END] Reloading Section: "pre-stage/FluidComparatorRegistryImpl/"
[23:24:42] [main/TRACE] [REI] [REIPlugin END] Reloading Section: "pre-stage/FluidComparatorRegistryImpl/" done in 6.813 μs
[23:24:42] [main/TRACE] [REI] [REIPlugin END] Reloading Section: "pre-stage/DisplaySerializerRegistryImpl/"
[23:24:42] [main/TRACE] [REI] [REIPlugin END] Reloading Section: "pre-stage/DisplaySerializerRegistryImpl/" done in 6.612 μs
[23:24:42] [main/TRACE] [REI] [REIPlugin END] Reloading Section: "pre-stage/FluidSupportProviderImpl/"
[23:24:42] [main/TRACE] [REI] [REIPlugin END] Reloading Section: "pre-stage/FluidSupportProviderImpl/" done in 7.324 μs
[23:24:42] [main/TRACE] [REI] [REIPlugin END] Reloading Section: "pre-stage/" done in 763.0 μs
[23:24:42] [main/DEBUG] [REI] ========================================
[23:24:42] [main/DEBUG] [REI] REIPlugin finished pre-reload for END in 1.911 ms.
[23:24:42] [main/DEBUG] [REI] ========================================
[23:24:42] [main/DEBUG] [REI] ========================================
[23:24:42] [main/DEBUG] [REI] REIServerPlugin starting pre-reload for END.
[23:24:42] [main/DEBUG] [REI] Reloadables (2):
[23:24:42] [main/DEBUG] [REI]  - MenuInfoRegistryImpl
[23:24:42] [main/DEBUG] [REI]  - SlotAccessorRegistryImpl
[23:24:42] [main/DEBUG] [REI] Plugins (5):
[23:24:42] [main/DEBUG] [REI]  - (-100.00) DefaultPlugin of DefaultPlugin [roughlyenoughitems]
[23:24:42] [main/DEBUG] [REI]  - (0.00) FabricFluidAPISupportPlugin
[23:24:42] [main/DEBUG] [REI]  - (0.00) ReiCompat of ReiCompat [travelersbackpack]
[23:24:42] [main/DEBUG] [REI]  - (0.00) DefaultRuntimePlugin of DefaultRuntimePlugin [roughlyenoughitems]
[23:24:42] [main/DEBUG] [REI]  - (0.00) AddonReiCommonPlugin of AddonReiCommonPlugin [ad_astra_giselle_addon]
[23:24:42] [main/DEBUG] [REI] ========================================
[23:24:42] [main/TRACE] [REI] [REIServerPlugin END] Reloading Section: "pre-register/"
[23:24:42] [main/TRACE] [REI] [REIServerPlugin END] Reloading Section: "pre-register/DefaultPlugin of DefaultPlugin [roughlyenoughitems]/"
[23:24:42] [main/TRACE] [REI] [REIServerPlugin END] Reloading Section: "pre-register/DefaultPlugin of DefaultPlugin [roughlyenoughitems]/" done in 9.247 μs
[23:24:42] [main/TRACE] [REI] [REIServerPlugin END] Reloading Section: "pre-register/FabricFluidAPISupportPlugin/"
[23:24:42] [main/TRACE] [REI] [REIServerPlugin END] Reloading Section: "pre-register/FabricFluidAPISupportPlugin/" done in 8.766 μs
[23:24:42] [main/TRACE] [REI] [REIServerPlugin END] Reloading Section: "pre-register/ReiCompat of ReiCompat [travelersbackpack]/"
[23:24:42] [main/TRACE] [REI] [REIServerPlugin END] Reloading Section: "pre-register/ReiCompat of ReiCompat [travelersbackpack]/" done in 8.516 μs
[23:24:42] [main/TRACE] [REI] [REIServerPlugin END] Reloading Section: "pre-register/DefaultRuntimePlugin of DefaultRuntimePlugin [roughlyenoughitems]/"
[23:24:42] [main/TRACE] [REI] [REIServerPlugin END] Reloading Section: "pre-register/DefaultRuntimePlugin of DefaultRuntimePlugin [roughlyenoughitems]/" done in 105.0 μs
[23:24:42] [main/TRACE] [REI] [REIServerPlugin END] Reloading Section: "pre-register/AddonReiCommonPlugin of AddonReiCommonPlugin [ad_astra_giselle_addon]/"
[23:24:42] [main/TRACE] [REI] [REIServerPlugin END] Reloading Section: "pre-register/AddonReiCommonPlugin of AddonReiCommonPlugin [ad_astra_giselle_addon]/" done in 9.849 μs
[23:24:42] [main/TRACE] [REI] [REIServerPlugin END] Reloading Section: "pre-register/" done in 1.033 ms
[23:24:42] [main/TRACE] [REI] [REIServerPlugin END] Reloading Section: "pre-stage/"
[23:24:42] [main/TRACE] [REI] [REIServerPlugin END] Reloading Section: "pre-stage/MenuInfoRegistryImpl/"
[23:24:42] [main/TRACE] [REI] [REIServerPlugin END] Reloading Section: "pre-stage/MenuInfoRegistryImpl/" done in 24.44 μs
[23:24:42] [main/TRACE] [REI] [REIServerPlugin END] Reloading Section: "pre-stage/SlotAccessorRegistryImpl/"
[23:24:42] [main/TRACE] [REI] [REIServerPlugin END] Reloading Section: "pre-stage/SlotAccessorRegistryImpl/" done in 6.762 μs
[23:24:42] [main/TRACE] [REI] [REIServerPlugin END] Reloading Section: "pre-stage/" done in 2.086 ms
[23:24:42] [main/DEBUG] [REI] ========================================
[23:24:42] [main/DEBUG] [REI] REIServerPlugin finished pre-reload for END in 3.607 ms.
[23:24:42] [main/DEBUG] [REI] ========================================
[23:24:42] [main/INFO] [REI] %%%%%%%%%%%%%%%%%%%%%%%%%%%%%%%%%%%%%%%%
[23:24:42] [main/INFO] [REI] REIPlugin starting main-reload for END.
[23:24:42] [main/DEBUG] [REI] Reloadables (7):
[23:24:42] [main/DEBUG] [REI]  - EntryTypeRegistryImpl
[23:24:42] [main/DEBUG] [REI]  - EntrySettingsAdapterRegistryImpl
[23:24:42] [main/DEBUG] [REI]  - RecipeManagerContextImpl
[23:24:42] [main/DEBUG] [REI]  - ItemComparatorRegistryImpl
[23:24:42] [main/DEBUG] [REI]  - FluidComparatorRegistryImpl
[23:24:42] [main/DEBUG] [REI]  - DisplaySerializerRegistryImpl
[23:24:42] [main/DEBUG] [REI]  - FluidSupportProviderImpl
[23:24:42] [main/INFO] [REI] Plugins (5):
[23:24:42] [main/INFO] [REI]  - (-100.00) DefaultPlugin of DefaultPlugin [roughlyenoughitems]
[23:24:42] [main/INFO] [REI]  - (0.00) FabricFluidAPISupportPlugin
[23:24:42] [main/INFO] [REI]  - (0.00) ReiCompat of ReiCompat [travelersbackpack]
[23:24:42] [main/INFO] [REI]  - (0.00) DefaultRuntimePlugin of DefaultRuntimePlugin [roughlyenoughitems]
[23:24:42] [main/INFO] [REI]  - (0.00) AddonReiCommonPlugin of AddonReiCommonPlugin [ad_astra_giselle_addon]
[23:24:42] [main/INFO] [REI] %%%%%%%%%%%%%%%%%%%%%%%%%%%%%%%%%%%%%%%%
[23:24:42] [main/TRACE] [REI] [REIPlugin END] Reloading Section: "start-reload/"
[23:24:42] [main/TRACE] [REI] [REIPlugin END] Reloading Section: "start-reload/EntryTypeRegistryImpl/"
[23:24:42] [main/TRACE] [REI] [REIPlugin END] Reloading Section: "start-reload/EntryTypeRegistryImpl/" done in 9.267 μs
[23:24:42] [main/TRACE] [REI] [REIPlugin END] Reloading Section: "start-reload/EntrySettingsAdapterRegistryImpl/"
[23:24:42] [main/TRACE] [REI] [REIPlugin END] Reloading Section: "start-reload/EntrySettingsAdapterRegistryImpl/" done in 22.46 μs
[23:24:42] [main/TRACE] [REI] [REIPlugin END] Reloading Section: "start-reload/RecipeManagerContextImpl/"
[23:24:42] [main/TRACE] [REI] [REIPlugin END] Reloading Section: "start-reload/RecipeManagerContextImpl/" done in 8.386 μs
[23:24:42] [main/TRACE] [REI] [REIPlugin END] Reloading Section: "start-reload/ItemComparatorRegistryImpl/"
[23:24:42] [main/TRACE] [REI] [REIPlugin END] Reloading Section: "start-reload/ItemComparatorRegistryImpl/" done in 6.512 μs
[23:24:42] [main/TRACE] [REI] [REIPlugin END] Reloading Section: "start-reload/FluidComparatorRegistryImpl/"
[23:24:42] [main/TRACE] [REI] [REIPlugin END] Reloading Section: "start-reload/FluidComparatorRegistryImpl/" done in 5.781 μs
[23:24:42] [main/TRACE] [REI] [REIPlugin END] Reloading Section: "start-reload/DisplaySerializerRegistryImpl/"
[23:24:42] [main/TRACE] [REI] [REIPlugin END] Reloading Section: "start-reload/DisplaySerializerRegistryImpl/" done in 13.85 μs
[23:24:42] [main/TRACE] [REI] [REIPlugin END] Reloading Section: "start-reload/FluidSupportProviderImpl/"
[23:24:42] [main/TRACE] [REI] [REIPlugin END] Reloading Section: "start-reload/FluidSupportProviderImpl/" done in 6.652 μs
[23:24:42] [main/TRACE] [REI] [REIPlugin END] Reloading Section: "start-reload/" done in 1.227 ms
[23:24:42] [main/DEBUG] [REI] ========================================
[23:24:42] [main/DEBUG] [REI] REIPlugin started main-reload for END.
[23:24:42] [main/DEBUG] [REI] ========================================
[23:24:42] [main/TRACE] [REI] [REIPlugin END] Reloading Section: "reloadable-plugin/EntryTypeRegistryImpl/"
[23:24:42] [main/TRACE] [REI] [REIPlugin END] Reloading Section: "reloadable-plugin/EntryTypeRegistryImpl/DefaultPlugin of DefaultPlugin [roughlyenoughitems]/"
[23:24:42] [main/TRACE] [REI] [REIPlugin END] Reloading Section: "reloadable-plugin/EntryTypeRegistryImpl/DefaultPlugin of DefaultPlugin [roughlyenoughitems]/" done in 12.63 μs
[23:24:42] [main/TRACE] [REI] [REIPlugin END] Reloading Section: "reloadable-plugin/EntryTypeRegistryImpl/FabricFluidAPISupportPlugin/"
[23:24:42] [main/TRACE] [REI] [REIPlugin END] Reloading Section: "reloadable-plugin/EntryTypeRegistryImpl/FabricFluidAPISupportPlugin/" done in 11.74 μs
[23:24:42] [main/TRACE] [REI] [REIPlugin END] Reloading Section: "reloadable-plugin/EntryTypeRegistryImpl/ReiCompat of ReiCompat [travelersbackpack]/"
[23:24:42] [main/TRACE] [REI] [REIPlugin END] Reloading Section: "reloadable-plugin/EntryTypeRegistryImpl/ReiCompat of ReiCompat [travelersbackpack]/" done in 12.98 μs
[23:24:42] [main/TRACE] [REI] [REIPlugin END] Reloading Section: "reloadable-plugin/EntryTypeRegistryImpl/DefaultRuntimePlugin of DefaultRuntimePlugin [roughlyenoughitems]/"
[23:24:42] [main/TRACE] [REI] [REIPlugin END] Reloading Section: "reloadable-plugin/EntryTypeRegistryImpl/DefaultRuntimePlugin of DefaultRuntimePlugin [roughlyenoughitems]/" done in 12.61 μs
[23:24:42] [main/TRACE] [REI] [REIPlugin END] Reloading Section: "reloadable-plugin/EntryTypeRegistryImpl/AddonReiCommonPlugin of AddonReiCommonPlugin [ad_astra_giselle_addon]/"
[23:24:42] [main/TRACE] [REI] [REIPlugin END] Reloading Section: "reloadable-plugin/EntryTypeRegistryImpl/AddonReiCommonPlugin of AddonReiCommonPlugin [ad_astra_giselle_addon]/" done in 12.62 μs
[23:24:42] [main/TRACE] [REI] [REIPlugin END] Reloading Section: "reloadable-plugin/EntryTypeRegistryImpl/" done in 897.8 μs
[23:24:42] [main/TRACE] [REI] [REIPlugin END] Reloading Section: "reloadable-plugin/EntrySettingsAdapterRegistryImpl/"
[23:24:42] [main/TRACE] [REI] [REIPlugin END] Reloading Section: "reloadable-plugin/EntrySettingsAdapterRegistryImpl/DefaultPlugin of DefaultPlugin [roughlyenoughitems]/"
[23:24:42] [main/TRACE] [REI] [REIPlugin END] Reloading Section: "reloadable-plugin/EntrySettingsAdapterRegistryImpl/DefaultPlugin of DefaultPlugin [roughlyenoughitems]/" done in 28.20 μs
[23:24:42] [main/TRACE] [REI] [REIPlugin END] Reloading Section: "reloadable-plugin/EntrySettingsAdapterRegistryImpl/FabricFluidAPISupportPlugin/"
[23:24:42] [main/TRACE] [REI] [REIPlugin END] Reloading Section: "reloadable-plugin/EntrySettingsAdapterRegistryImpl/FabricFluidAPISupportPlugin/" done in 13.76 μs
[23:24:42] [main/TRACE] [REI] [REIPlugin END] Reloading Section: "reloadable-plugin/EntrySettingsAdapterRegistryImpl/ReiCompat of ReiCompat [travelersbackpack]/"
[23:24:42] [main/TRACE] [REI] [REIPlugin END] Reloading Section: "reloadable-plugin/EntrySettingsAdapterRegistryImpl/ReiCompat of ReiCompat [travelersbackpack]/" done in 12.97 μs
[23:24:42] [main/TRACE] [REI] [REIPlugin END] Reloading Section: "reloadable-plugin/EntrySettingsAdapterRegistryImpl/DefaultRuntimePlugin of DefaultRuntimePlugin [roughlyenoughitems]/"
[23:24:42] [main/TRACE] [REI] [REIPlugin END] Reloading Section: "reloadable-plugin/EntrySettingsAdapterRegistryImpl/DefaultRuntimePlugin of DefaultRuntimePlugin [roughlyenoughitems]/" done in 12.43 μs
[23:24:42] [main/TRACE] [REI] [REIPlugin END] Reloading Section: "reloadable-plugin/EntrySettingsAdapterRegistryImpl/AddonReiCommonPlugin of AddonReiCommonPlugin [ad_astra_giselle_addon]/"
[23:24:42] [main/TRACE] [REI] [REIPlugin END] Reloading Section: "reloadable-plugin/EntrySettingsAdapterRegistryImpl/AddonReiCommonPlugin of AddonReiCommonPlugin [ad_astra_giselle_addon]/" done in 13.93 μs
[23:24:42] [main/TRACE] [REI] [REIPlugin END] Reloading Section: "reloadable-plugin/EntrySettingsAdapterRegistryImpl/" done in 984.5 μs
[23:24:42] [main/TRACE] [REI] [REIPlugin END] Reloading Section: "reloadable-plugin/RecipeManagerContextImpl/"
[23:24:42] [main/TRACE] [REI] [REIPlugin END] Reloading Section: "reloadable-plugin/RecipeManagerContextImpl/DefaultPlugin of DefaultPlugin [roughlyenoughitems]/"
[23:24:42] [main/TRACE] [REI] [REIPlugin END] Reloading Section: "reloadable-plugin/RecipeManagerContextImpl/DefaultPlugin of DefaultPlugin [roughlyenoughitems]/" done in 16.19 μs
[23:24:42] [main/TRACE] [REI] [REIPlugin END] Reloading Section: "reloadable-plugin/RecipeManagerContextImpl/FabricFluidAPISupportPlugin/"
[23:24:42] [main/TRACE] [REI] [REIPlugin END] Reloading Section: "reloadable-plugin/RecipeManagerContextImpl/FabricFluidAPISupportPlugin/" done in 13.11 μs
[23:24:42] [main/TRACE] [REI] [REIPlugin END] Reloading Section: "reloadable-plugin/RecipeManagerContextImpl/ReiCompat of ReiCompat [travelersbackpack]/"
[23:24:42] [main/TRACE] [REI] [REIPlugin END] Reloading Section: "reloadable-plugin/RecipeManagerContextImpl/ReiCompat of ReiCompat [travelersbackpack]/" done in 15.30 μs
[23:24:42] [main/TRACE] [REI] [REIPlugin END] Reloading Section: "reloadable-plugin/RecipeManagerContextImpl/DefaultRuntimePlugin of DefaultRuntimePlugin [roughlyenoughitems]/"
[23:24:42] [main/TRACE] [REI] [REIPlugin END] Reloading Section: "reloadable-plugin/RecipeManagerContextImpl/DefaultRuntimePlugin of DefaultRuntimePlugin [roughlyenoughitems]/" done in 13.92 μs
[23:24:42] [main/TRACE] [REI] [REIPlugin END] Reloading Section: "reloadable-plugin/RecipeManagerContextImpl/AddonReiCommonPlugin of AddonReiCommonPlugin [ad_astra_giselle_addon]/"
[23:24:42] [main/TRACE] [REI] [REIPlugin END] Reloading Section: "reloadable-plugin/RecipeManagerContextImpl/AddonReiCommonPlugin of AddonReiCommonPlugin [ad_astra_giselle_addon]/" done in 13.54 μs
[23:24:42] [main/TRACE] [REI] [REIPlugin END] Reloading Section: "reloadable-plugin/RecipeManagerContextImpl/" done in 4.672 ms
[23:24:42] [main/TRACE] [REI] [REIPlugin END] Reloading Section: "reloadable-plugin/ItemComparatorRegistryImpl/"
[23:24:42] [main/TRACE] [REI] [REIPlugin END] Reloading Section: "reloadable-plugin/ItemComparatorRegistryImpl/DefaultPlugin of DefaultPlugin [roughlyenoughitems]/"
[23:24:42] [main/TRACE] [REI] [REIPlugin END] Reloading Section: "reloadable-plugin/ItemComparatorRegistryImpl/DefaultPlugin of DefaultPlugin [roughlyenoughitems]/" done in 13.40 μs
[23:24:42] [main/TRACE] [REI] [REIPlugin END] Reloading Section: "reloadable-plugin/ItemComparatorRegistryImpl/FabricFluidAPISupportPlugin/"
[23:24:42] [main/TRACE] [REI] [REIPlugin END] Reloading Section: "reloadable-plugin/ItemComparatorRegistryImpl/FabricFluidAPISupportPlugin/" done in 26.47 μs
[23:24:42] [main/TRACE] [REI] [REIPlugin END] Reloading Section: "reloadable-plugin/ItemComparatorRegistryImpl/ReiCompat of ReiCompat [travelersbackpack]/"
[23:24:42] [main/TRACE] [REI] [REIPlugin END] Reloading Section: "reloadable-plugin/ItemComparatorRegistryImpl/ReiCompat of ReiCompat [travelersbackpack]/" done in 12.67 μs
[23:24:42] [main/TRACE] [REI] [REIPlugin END] Reloading Section: "reloadable-plugin/ItemComparatorRegistryImpl/DefaultRuntimePlugin of DefaultRuntimePlugin [roughlyenoughitems]/"
[23:24:42] [main/TRACE] [REI] [REIPlugin END] Reloading Section: "reloadable-plugin/ItemComparatorRegistryImpl/DefaultRuntimePlugin of DefaultRuntimePlugin [roughlyenoughitems]/" done in 13.21 μs
[23:24:42] [main/TRACE] [REI] [REIPlugin END] Reloading Section: "reloadable-plugin/ItemComparatorRegistryImpl/AddonReiCommonPlugin of AddonReiCommonPlugin [ad_astra_giselle_addon]/"
[23:24:42] [main/TRACE] [REI] [REIPlugin END] Reloading Section: "reloadable-plugin/ItemComparatorRegistryImpl/AddonReiCommonPlugin of AddonReiCommonPlugin [ad_astra_giselle_addon]/" done in 11.50 μs
[23:24:42] [main/TRACE] [REI] [REIPlugin END] Reloading Section: "reloadable-plugin/ItemComparatorRegistryImpl/" done in 912.3 μs
[23:24:42] [main/TRACE] [REI] [REIPlugin END] Reloading Section: "reloadable-plugin/FluidComparatorRegistryImpl/"
[23:24:42] [main/TRACE] [REI] [REIPlugin END] Reloading Section: "reloadable-plugin/FluidComparatorRegistryImpl/DefaultPlugin of DefaultPlugin [roughlyenoughitems]/"
[23:24:42] [main/TRACE] [REI] [REIPlugin END] Reloading Section: "reloadable-plugin/FluidComparatorRegistryImpl/DefaultPlugin of DefaultPlugin [roughlyenoughitems]/" done in 12.76 μs
[23:24:42] [main/TRACE] [REI] [REIPlugin END] Reloading Section: "reloadable-plugin/FluidComparatorRegistryImpl/FabricFluidAPISupportPlugin/"
[23:24:42] [main/TRACE] [REI] [REIPlugin END] Reloading Section: "reloadable-plugin/FluidComparatorRegistryImpl/FabricFluidAPISupportPlugin/" done in 14.86 μs
[23:24:42] [main/TRACE] [REI] [REIPlugin END] Reloading Section: "reloadable-plugin/FluidComparatorRegistryImpl/ReiCompat of ReiCompat [travelersbackpack]/"
[23:24:42] [main/TRACE] [REI] [REIPlugin END] Reloading Section: "reloadable-plugin/FluidComparatorRegistryImpl/ReiCompat of ReiCompat [travelersbackpack]/" done in 13.29 μs
[23:24:42] [main/TRACE] [REI] [REIPlugin END] Reloading Section: "reloadable-plugin/FluidComparatorRegistryImpl/DefaultRuntimePlugin of DefaultRuntimePlugin [roughlyenoughitems]/"
[23:24:42] [main/TRACE] [REI] [REIPlugin END] Reloading Section: "reloadable-plugin/FluidComparatorRegistryImpl/DefaultRuntimePlugin of DefaultRuntimePlugin [roughlyenoughitems]/" done in 14.57 μs
[23:24:42] [main/TRACE] [REI] [REIPlugin END] Reloading Section: "reloadable-plugin/FluidComparatorRegistryImpl/AddonReiCommonPlugin of AddonReiCommonPlugin [ad_astra_giselle_addon]/"
[23:24:42] [main/TRACE] [REI] [REIPlugin END] Reloading Section: "reloadable-plugin/FluidComparatorRegistryImpl/AddonReiCommonPlugin of AddonReiCommonPlugin [ad_astra_giselle_addon]/" done in 11.41 μs
[23:24:42] [main/TRACE] [REI] [REIPlugin END] Reloading Section: "reloadable-plugin/FluidComparatorRegistryImpl/" done in 3.123 ms
[23:24:42] [main/TRACE] [REI] [REIPlugin END] Reloading Section: "reloadable-plugin/DisplaySerializerRegistryImpl/"
[23:24:42] [main/TRACE] [REI] [REIPlugin END] Reloading Section: "reloadable-plugin/DisplaySerializerRegistryImpl/DefaultPlugin of DefaultPlugin [roughlyenoughitems]/"
[23:24:42] [main/TRACE] [REI] [REIPlugin END] Reloading Section: "reloadable-plugin/DisplaySerializerRegistryImpl/DefaultPlugin of DefaultPlugin [roughlyenoughitems]/" done in 17.83 ms
[23:24:42] [main/TRACE] [REI] [REIPlugin END] Reloading Section: "reloadable-plugin/DisplaySerializerRegistryImpl/FabricFluidAPISupportPlugin/"
[23:24:42] [main/TRACE] [REI] [REIPlugin END] Reloading Section: "reloadable-plugin/DisplaySerializerRegistryImpl/FabricFluidAPISupportPlugin/" done in 22.44 μs
[23:24:42] [main/TRACE] [REI] [REIPlugin END] Reloading Section: "reloadable-plugin/DisplaySerializerRegistryImpl/ReiCompat of ReiCompat [travelersbackpack]/"
[23:24:42] [main/TRACE] [REI] [REIPlugin END] Reloading Section: "reloadable-plugin/DisplaySerializerRegistryImpl/ReiCompat of ReiCompat [travelersbackpack]/" done in 27.29 μs
[23:24:42] [main/TRACE] [REI] [REIPlugin END] Reloading Section: "reloadable-plugin/DisplaySerializerRegistryImpl/DefaultRuntimePlugin of DefaultRuntimePlugin [roughlyenoughitems]/"
[23:24:42] [main/TRACE] [REI] [REIPlugin END] Reloading Section: "reloadable-plugin/DisplaySerializerRegistryImpl/DefaultRuntimePlugin of DefaultRuntimePlugin [roughlyenoughitems]/" done in 11.77 μs
[23:24:42] [main/TRACE] [REI] [REIPlugin END] Reloading Section: "reloadable-plugin/DisplaySerializerRegistryImpl/AddonReiCommonPlugin of AddonReiCommonPlugin [ad_astra_giselle_addon]/"
[23:24:42] [main/TRACE] [REI] [REIPlugin END] Reloading Section: "reloadable-plugin/DisplaySerializerRegistryImpl/AddonReiCommonPlugin of AddonReiCommonPlugin [ad_astra_giselle_addon]/" done in 12.45 μs
[23:24:42] [main/TRACE] [REI] [REIPlugin END] Reloading Section: "reloadable-plugin/DisplaySerializerRegistryImpl/" done in 18.80 ms
[23:24:42] [main/TRACE] [REI] [REIPlugin END] Reloading Section: "reloadable-plugin/FluidSupportProviderImpl/"
[23:24:42] [main/TRACE] [REI] [REIPlugin END] Reloading Section: "reloadable-plugin/FluidSupportProviderImpl/DefaultPlugin of DefaultPlugin [roughlyenoughitems]/"
[23:24:42] [main/TRACE] [REI] [REIPlugin END] Reloading Section: "reloadable-plugin/FluidSupportProviderImpl/DefaultPlugin of DefaultPlugin [roughlyenoughitems]/" done in 11.17 μs
[23:24:42] [main/TRACE] [REI] [REIPlugin END] Reloading Section: "reloadable-plugin/FluidSupportProviderImpl/FabricFluidAPISupportPlugin/"
[23:24:42] [main/TRACE] [REI] [REIPlugin END] Reloading Section: "reloadable-plugin/FluidSupportProviderImpl/FabricFluidAPISupportPlugin/" done in 31.37 μs
[23:24:42] [main/TRACE] [REI] [REIPlugin END] Reloading Section: "reloadable-plugin/FluidSupportProviderImpl/ReiCompat of ReiCompat [travelersbackpack]/"
[23:24:42] [main/TRACE] [REI] [REIPlugin END] Reloading Section: "reloadable-plugin/FluidSupportProviderImpl/ReiCompat of ReiCompat [travelersbackpack]/" done in 12.51 μs
[23:24:42] [main/TRACE] [REI] [REIPlugin END] Reloading Section: "reloadable-plugin/FluidSupportProviderImpl/DefaultRuntimePlugin of DefaultRuntimePlugin [roughlyenoughitems]/"
[23:24:42] [main/TRACE] [REI] [REIPlugin END] Reloading Section: "reloadable-plugin/FluidSupportProviderImpl/DefaultRuntimePlugin of DefaultRuntimePlugin [roughlyenoughitems]/" done in 11.22 μs
[23:24:42] [main/TRACE] [REI] [REIPlugin END] Reloading Section: "reloadable-plugin/FluidSupportProviderImpl/AddonReiCommonPlugin of AddonReiCommonPlugin [ad_astra_giselle_addon]/"
[23:24:42] [main/TRACE] [REI] [REIPlugin END] Reloading Section: "reloadable-plugin/FluidSupportProviderImpl/AddonReiCommonPlugin of AddonReiCommonPlugin [ad_astra_giselle_addon]/" done in 10.49 μs
[23:24:42] [main/TRACE] [REI] [REIPlugin END] Reloading Section: "reloadable-plugin/FluidSupportProviderImpl/" done in 599.7 μs
[23:24:42] [main/DEBUG] [REI] ========================================
[23:24:42] [main/DEBUG] [REI] REIPlugin ending main-reload for END.
[23:24:42] [main/DEBUG] [REI] ========================================
[23:24:42] [main/TRACE] [REI] [REIPlugin END] Reloading Section: "end-reload/"
[23:24:42] [main/TRACE] [REI] [REIPlugin END] Reloading Section: "end-reload/EntryTypeRegistryImpl/"
[23:24:42] [main/TRACE] [REI] [REIPlugin END] Reloading Section: "end-reload/EntryTypeRegistryImpl/" done in 6.302 μs
[23:24:42] [main/TRACE] [REI] [REIPlugin END] Reloading Section: "end-reload/EntrySettingsAdapterRegistryImpl/"
[23:24:42] [main/TRACE] [REI] [REIPlugin END] Reloading Section: "end-reload/EntrySettingsAdapterRegistryImpl/" done in 5.470 μs
[23:24:42] [main/TRACE] [REI] [REIPlugin END] Reloading Section: "end-reload/RecipeManagerContextImpl/"
[23:24:42] [main/TRACE] [REI] [REIPlugin END] Reloading Section: "end-reload/RecipeManagerContextImpl/" done in 6.863 μs
[23:24:42] [main/TRACE] [REI] [REIPlugin END] Reloading Section: "end-reload/ItemComparatorRegistryImpl/"
[23:24:42] [main/TRACE] [REI] [REIPlugin END] Reloading Section: "end-reload/ItemComparatorRegistryImpl/" done in 5.901 μs
[23:24:42] [main/TRACE] [REI] [REIPlugin END] Reloading Section: "end-reload/FluidComparatorRegistryImpl/"
[23:24:42] [main/TRACE] [REI] [REIPlugin END] Reloading Section: "end-reload/FluidComparatorRegistryImpl/" done in 5.530 μs
[23:24:42] [main/TRACE] [REI] [REIPlugin END] Reloading Section: "end-reload/DisplaySerializerRegistryImpl/"
[23:24:42] [main/TRACE] [REI] [REIPlugin END] Reloading Section: "end-reload/DisplaySerializerRegistryImpl/" done in 6.051 μs
[23:24:42] [main/TRACE] [REI] [REIPlugin END] Reloading Section: "end-reload/FluidSupportProviderImpl/"
[23:24:42] [main/TRACE] [REI] [REIPlugin END] Reloading Section: "end-reload/FluidSupportProviderImpl/" done in 5.540 μs
[23:24:42] [main/TRACE] [REI] [REIPlugin END] Reloading Section: "end-reload/" done in 717.1 μs
[23:24:42] [main/DEBUG] [REI] ========================================
[23:24:42] [main/DEBUG] [REI] REIPlugin ended main-reload for END in 38.04 ms.
[23:24:42] [main/DEBUG] [REI] ========================================
[23:24:42] [main/INFO] [REI] @@@@@@@@@@@@@@@@@@@@@@@@@@@@@@@@@@@@@@@@
[23:24:42] [main/INFO] [REI] REIServerPlugin starting main-reload for END.
[23:24:42] [main/DEBUG] [REI] Reloadables (2):
[23:24:42] [main/DEBUG] [REI]  - MenuInfoRegistryImpl
[23:24:42] [main/DEBUG] [REI]  - SlotAccessorRegistryImpl
[23:24:42] [main/INFO] [REI] Plugins (5):
[23:24:42] [main/INFO] [REI]  - (-100.00) DefaultPlugin of DefaultPlugin [roughlyenoughitems]
[23:24:42] [main/INFO] [REI]  - (0.00) FabricFluidAPISupportPlugin
[23:24:42] [main/INFO] [REI]  - (0.00) ReiCompat of ReiCompat [travelersbackpack]
[23:24:42] [main/INFO] [REI]  - (0.00) DefaultRuntimePlugin of DefaultRuntimePlugin [roughlyenoughitems]
[23:24:42] [main/INFO] [REI]  - (0.00) AddonReiCommonPlugin of AddonReiCommonPlugin [ad_astra_giselle_addon]
[23:24:42] [main/INFO] [REI] @@@@@@@@@@@@@@@@@@@@@@@@@@@@@@@@@@@@@@@@
[23:24:42] [main/TRACE] [REI] [REIServerPlugin END] Reloading Section: "start-reload/"
[23:24:42] [main/TRACE] [REI] [REIServerPlugin END] Reloading Section: "start-reload/MenuInfoRegistryImpl/"
[23:24:42] [main/TRACE] [REI] [REIServerPlugin END] Reloading Section: "start-reload/MenuInfoRegistryImpl/" done in 19.96 μs
[23:24:42] [main/TRACE] [REI] [REIServerPlugin END] Reloading Section: "start-reload/SlotAccessorRegistryImpl/"
[23:24:42] [main/TRACE] [REI] [REIServerPlugin END] Reloading Section: "start-reload/SlotAccessorRegistryImpl/" done in 14.36 μs
[23:24:42] [main/TRACE] [REI] [REIServerPlugin END] Reloading Section: "start-reload/" done in 248.3 μs
[23:24:42] [main/DEBUG] [REI] ========================================
[23:24:42] [main/DEBUG] [REI] REIServerPlugin started main-reload for END.
[23:24:42] [main/DEBUG] [REI] ========================================
[23:24:42] [main/TRACE] [REI] [REIServerPlugin END] Reloading Section: "reloadable-plugin/MenuInfoRegistryImpl/"
[23:24:42] [main/TRACE] [REI] [REIServerPlugin END] Reloading Section: "reloadable-plugin/MenuInfoRegistryImpl/DefaultPlugin of DefaultPlugin [roughlyenoughitems]/"
[23:24:42] [main/TRACE] [REI] [REIServerPlugin END] Reloading Section: "reloadable-plugin/MenuInfoRegistryImpl/DefaultPlugin of DefaultPlugin [roughlyenoughitems]/" done in 23.24 μs
[23:24:42] [main/TRACE] [REI] [REIServerPlugin END] Reloading Section: "reloadable-plugin/MenuInfoRegistryImpl/FabricFluidAPISupportPlugin/"
[23:24:42] [main/TRACE] [REI] [REIServerPlugin END] Reloading Section: "reloadable-plugin/MenuInfoRegistryImpl/FabricFluidAPISupportPlugin/" done in 10.21 μs
[23:24:42] [main/TRACE] [REI] [REIServerPlugin END] Reloading Section: "reloadable-plugin/MenuInfoRegistryImpl/ReiCompat of ReiCompat [travelersbackpack]/"
[23:24:42] [main/DEBUG] [REI] Added menu info for class com.tiviacz.travelersbackpack.inventory.screen.TravelersBackpackBaseScreenHandler [minecraft:plugins/crafting]: me.shedaniel.rei.api.common.transfer.info.simple.SimpleMenuInfoProvider$$Lambda$14936/0x000075f0b5c8a4a8@87b8efe
[23:24:42] [main/TRACE] [REI] [REIServerPlugin END] Reloading Section: "reloadable-plugin/MenuInfoRegistryImpl/ReiCompat of ReiCompat [travelersbackpack]/" done in 3.255 ms
[23:24:42] [main/TRACE] [REI] [REIServerPlugin END] Reloading Section: "reloadable-plugin/MenuInfoRegistryImpl/DefaultRuntimePlugin of DefaultRuntimePlugin [roughlyenoughitems]/"
[23:24:42] [main/TRACE] [REI] [REIServerPlugin END] Reloading Section: "reloadable-plugin/MenuInfoRegistryImpl/DefaultRuntimePlugin of DefaultRuntimePlugin [roughlyenoughitems]/" done in 11.63 μs
[23:24:42] [main/TRACE] [REI] [REIServerPlugin END] Reloading Section: "reloadable-plugin/MenuInfoRegistryImpl/AddonReiCommonPlugin of AddonReiCommonPlugin [ad_astra_giselle_addon]/"
[23:24:42] [main/TRACE] [REI] [REIServerPlugin END] Reloading Section: "reloadable-plugin/MenuInfoRegistryImpl/AddonReiCommonPlugin of AddonReiCommonPlugin [ad_astra_giselle_addon]/" done in 11.15 μs
[23:24:42] [main/TRACE] [REI] [REIServerPlugin END] Reloading Section: "reloadable-plugin/MenuInfoRegistryImpl/" done in 3.839 ms
[23:24:42] [main/TRACE] [REI] [REIServerPlugin END] Reloading Section: "reloadable-plugin/SlotAccessorRegistryImpl/"
[23:24:42] [main/TRACE] [REI] [REIServerPlugin END] Reloading Section: "reloadable-plugin/SlotAccessorRegistryImpl/DefaultPlugin of DefaultPlugin [roughlyenoughitems]/"
[23:24:42] [main/TRACE] [REI] [REIServerPlugin END] Reloading Section: "reloadable-plugin/SlotAccessorRegistryImpl/DefaultPlugin of DefaultPlugin [roughlyenoughitems]/" done in 19.59 μs
[23:24:42] [main/TRACE] [REI] [REIServerPlugin END] Reloading Section: "reloadable-plugin/SlotAccessorRegistryImpl/FabricFluidAPISupportPlugin/"
[23:24:42] [main/TRACE] [REI] [REIServerPlugin END] Reloading Section: "reloadable-plugin/SlotAccessorRegistryImpl/FabricFluidAPISupportPlugin/" done in 9.828 μs
[23:24:42] [main/TRACE] [REI] [REIServerPlugin END] Reloading Section: "reloadable-plugin/SlotAccessorRegistryImpl/ReiCompat of ReiCompat [travelersbackpack]/"
[23:24:42] [main/TRACE] [REI] [REIServerPlugin END] Reloading Section: "reloadable-plugin/SlotAccessorRegistryImpl/ReiCompat of ReiCompat [travelersbackpack]/" done in 12.33 μs
[23:24:42] [main/TRACE] [REI] [REIServerPlugin END] Reloading Section: "reloadable-plugin/SlotAccessorRegistryImpl/DefaultRuntimePlugin of DefaultRuntimePlugin [roughlyenoughitems]/"
[23:24:42] [main/DEBUG] [REI] Added slot accessor serializer: me.shedaniel.rei.plugin.common.runtime.DefaultRuntimePlugin$1@761f1cbc [roughlyenoughitems:vanilla]
[23:24:42] [main/DEBUG] [REI] Added slot accessor serializer: me.shedaniel.rei.plugin.common.runtime.DefaultRuntimePlugin$2@5510e974 [roughlyenoughitems:player]
[23:24:42] [main/TRACE] [REI] [REIServerPlugin END] Reloading Section: "reloadable-plugin/SlotAccessorRegistryImpl/DefaultRuntimePlugin of DefaultRuntimePlugin [roughlyenoughitems]/" done in 1.692 ms
[23:24:42] [main/TRACE] [REI] [REIServerPlugin END] Reloading Section: "reloadable-plugin/SlotAccessorRegistryImpl/AddonReiCommonPlugin of AddonReiCommonPlugin [ad_astra_giselle_addon]/"
[23:24:42] [main/TRACE] [REI] [REIServerPlugin END] Reloading Section: "reloadable-plugin/SlotAccessorRegistryImpl/AddonReiCommonPlugin of AddonReiCommonPlugin [ad_astra_giselle_addon]/" done in 11.10 μs
[23:24:42] [main/TRACE] [REI] [REIServerPlugin END] Reloading Section: "reloadable-plugin/SlotAccessorRegistryImpl/" done in 2.309 ms
[23:24:42] [main/DEBUG] [REI] ========================================
[23:24:42] [main/DEBUG] [REI] REIServerPlugin ending main-reload for END.
[23:24:42] [main/DEBUG] [REI] ========================================
[23:24:42] [main/TRACE] [REI] [REIServerPlugin END] Reloading Section: "end-reload/"
[23:24:42] [main/TRACE] [REI] [REIServerPlugin END] Reloading Section: "end-reload/MenuInfoRegistryImpl/"
[23:24:42] [main/DEBUG] [REI] Registered 1 menu infos
[23:24:42] [main/TRACE] [REI] [REIServerPlugin END] Reloading Section: "end-reload/MenuInfoRegistryImpl/" done in 65.12 μs
[23:24:42] [main/TRACE] [REI] [REIServerPlugin END] Reloading Section: "end-reload/SlotAccessorRegistryImpl/"
[23:24:42] [main/DEBUG] [REI] Registered 2 slot accessor serializers
[23:24:42] [main/TRACE] [REI] [REIServerPlugin END] Reloading Section: "end-reload/SlotAccessorRegistryImpl/" done in 50.26 μs
[23:24:42] [main/TRACE] [REI] [REIServerPlugin END] Reloading Section: "end-reload/" done in 289.6 μs
[23:24:42] [main/DEBUG] [REI] ========================================
[23:24:42] [main/DEBUG] [REI] REIServerPlugin ended main-reload for END in 8.682 ms.
[23:24:42] [main/DEBUG] [REI] ========================================
[23:24:42] [main/DEBUG] [REI] ========================================
[23:24:42] [main/DEBUG] [REI] REIPlugin starting post-reload for END.
[23:24:42] [main/DEBUG] [REI] Reloadables (7):
[23:24:42] [main/DEBUG] [REI]  - EntryTypeRegistryImpl
[23:24:42] [main/DEBUG] [REI]  - EntrySettingsAdapterRegistryImpl
[23:24:42] [main/DEBUG] [REI]  - RecipeManagerContextImpl
[23:24:42] [main/DEBUG] [REI]  - ItemComparatorRegistryImpl
[23:24:42] [main/DEBUG] [REI]  - FluidComparatorRegistryImpl
[23:24:42] [main/DEBUG] [REI]  - DisplaySerializerRegistryImpl
[23:24:42] [main/DEBUG] [REI]  - FluidSupportProviderImpl
[23:24:42] [main/DEBUG] [REI] Plugins (5):
[23:24:42] [main/DEBUG] [REI]  - (-100.00) DefaultPlugin of DefaultPlugin [roughlyenoughitems]
[23:24:42] [main/DEBUG] [REI]  - (0.00) FabricFluidAPISupportPlugin
[23:24:42] [main/DEBUG] [REI]  - (0.00) ReiCompat of ReiCompat [travelersbackpack]
[23:24:42] [main/DEBUG] [REI]  - (0.00) DefaultRuntimePlugin of DefaultRuntimePlugin [roughlyenoughitems]
[23:24:42] [main/DEBUG] [REI]  - (0.00) AddonReiCommonPlugin of AddonReiCommonPlugin [ad_astra_giselle_addon]
[23:24:42] [main/DEBUG] [REI] ========================================
[23:24:42] [main/TRACE] [REI] [REIPlugin END] Reloading Section: "post-register/"
[23:24:42] [main/TRACE] [REI] [REIPlugin END] Reloading Section: "post-register/DefaultPlugin of DefaultPlugin [roughlyenoughitems]/"
[23:24:42] [main/TRACE] [REI] [REIPlugin END] Reloading Section: "post-register/DefaultPlugin of DefaultPlugin [roughlyenoughitems]/" done in 10.15 μs
[23:24:42] [main/TRACE] [REI] [REIPlugin END] Reloading Section: "post-register/FabricFluidAPISupportPlugin/"
[23:24:42] [main/TRACE] [REI] [REIPlugin END] Reloading Section: "post-register/FabricFluidAPISupportPlugin/" done in 7.304 μs
[23:24:42] [main/TRACE] [REI] [REIPlugin END] Reloading Section: "post-register/ReiCompat of ReiCompat [travelersbackpack]/"
[23:24:42] [main/TRACE] [REI] [REIPlugin END] Reloading Section: "post-register/ReiCompat of ReiCompat [travelersbackpack]/" done in 7.173 μs
[23:24:42] [main/TRACE] [REI] [REIPlugin END] Reloading Section: "post-register/DefaultRuntimePlugin of DefaultRuntimePlugin [roughlyenoughitems]/"
[23:24:42] [main/TRACE] [REI] [REIPlugin END] Reloading Section: "post-register/DefaultRuntimePlugin of DefaultRuntimePlugin [roughlyenoughitems]/" done in 7.133 μs
[23:24:42] [main/TRACE] [REI] [REIPlugin END] Reloading Section: "post-register/AddonReiCommonPlugin of AddonReiCommonPlugin [ad_astra_giselle_addon]/"
[23:24:42] [main/TRACE] [REI] [REIPlugin END] Reloading Section: "post-register/AddonReiCommonPlugin of AddonReiCommonPlugin [ad_astra_giselle_addon]/" done in 7.194 μs
[23:24:42] [main/TRACE] [REI] [REIPlugin END] Reloading Section: "post-register/" done in 395.5 μs
[23:24:42] [main/TRACE] [REI] [REIPlugin END] Reloading Section: "post-stage/"
[23:24:42] [main/TRACE] [REI] [REIPlugin END] Reloading Section: "post-stage/EntryTypeRegistryImpl/"
[23:24:42] [main/TRACE] [REI] [REIPlugin END] Reloading Section: "post-stage/EntryTypeRegistryImpl/" done in 5.660 μs
[23:24:42] [main/TRACE] [REI] [REIPlugin END] Reloading Section: "post-stage/EntrySettingsAdapterRegistryImpl/"
[23:24:42] [main/TRACE] [REI] [REIPlugin END] Reloading Section: "post-stage/EntrySettingsAdapterRegistryImpl/" done in 4.609 μs
[23:24:42] [main/TRACE] [REI] [REIPlugin END] Reloading Section: "post-stage/RecipeManagerContextImpl/"
[23:24:42] [main/TRACE] [REI] [REIPlugin END] Reloading Section: "post-stage/RecipeManagerContextImpl/" done in 5.049 μs
[23:24:42] [main/TRACE] [REI] [REIPlugin END] Reloading Section: "post-stage/ItemComparatorRegistryImpl/"
[23:24:42] [main/TRACE] [REI] [REIPlugin END] Reloading Section: "post-stage/ItemComparatorRegistryImpl/" done in 4.889 μs
[23:24:42] [main/TRACE] [REI] [REIPlugin END] Reloading Section: "post-stage/FluidComparatorRegistryImpl/"
[23:24:42] [main/TRACE] [REI] [REIPlugin END] Reloading Section: "post-stage/FluidComparatorRegistryImpl/" done in 4.969 μs
[23:24:42] [main/TRACE] [REI] [REIPlugin END] Reloading Section: "post-stage/DisplaySerializerRegistryImpl/"
[23:24:42] [main/TRACE] [REI] [REIPlugin END] Reloading Section: "post-stage/DisplaySerializerRegistryImpl/" done in 5.069 μs
[23:24:42] [main/TRACE] [REI] [REIPlugin END] Reloading Section: "post-stage/FluidSupportProviderImpl/"
[23:24:42] [main/TRACE] [REI] [REIPlugin END] Reloading Section: "post-stage/FluidSupportProviderImpl/" done in 5.550 μs
[23:24:42] [main/TRACE] [REI] [REIPlugin END] Reloading Section: "post-stage/" done in 479.1 μs
[23:24:42] [main/DEBUG] [REI] ========================================
[23:24:42] [main/INFO] [REI] REIPlugin finished post-reload for END in 994.4 μs, totaling 40.91 ms.
[23:24:42] [main/DEBUG] [REI] ========================================
[23:24:42] [main/DEBUG] [REI] ========================================
[23:24:42] [main/DEBUG] [REI] REIServerPlugin starting post-reload for END.
[23:24:42] [main/DEBUG] [REI] Reloadables (2):
[23:24:42] [main/DEBUG] [REI]  - MenuInfoRegistryImpl
[23:24:42] [main/DEBUG] [REI]  - SlotAccessorRegistryImpl
[23:24:42] [main/DEBUG] [REI] Plugins (5):
[23:24:42] [main/DEBUG] [REI]  - (-100.00) DefaultPlugin of DefaultPlugin [roughlyenoughitems]
[23:24:42] [main/DEBUG] [REI]  - (0.00) FabricFluidAPISupportPlugin
[23:24:42] [main/DEBUG] [REI]  - (0.00) ReiCompat of ReiCompat [travelersbackpack]
[23:24:42] [main/DEBUG] [REI]  - (0.00) DefaultRuntimePlugin of DefaultRuntimePlugin [roughlyenoughitems]
[23:24:42] [main/DEBUG] [REI]  - (0.00) AddonReiCommonPlugin of AddonReiCommonPlugin [ad_astra_giselle_addon]
[23:24:42] [main/DEBUG] [REI] ========================================
[23:24:42] [main/TRACE] [REI] [REIServerPlugin END] Reloading Section: "post-register/"
[23:24:42] [main/TRACE] [REI] [REIServerPlugin END] Reloading Section: "post-register/DefaultPlugin of DefaultPlugin [roughlyenoughitems]/"
[23:24:42] [main/TRACE] [REI] [REIServerPlugin END] Reloading Section: "post-register/DefaultPlugin of DefaultPlugin [roughlyenoughitems]/" done in 17.77 μs
[23:24:42] [main/TRACE] [REI] [REIServerPlugin END] Reloading Section: "post-register/FabricFluidAPISupportPlugin/"
[23:24:42] [main/TRACE] [REI] [REIServerPlugin END] Reloading Section: "post-register/FabricFluidAPISupportPlugin/" done in 6.903 μs
[23:24:42] [main/TRACE] [REI] [REIServerPlugin END] Reloading Section: "post-register/ReiCompat of ReiCompat [travelersbackpack]/"
[23:24:42] [main/TRACE] [REI] [REIServerPlugin END] Reloading Section: "post-register/ReiCompat of ReiCompat [travelersbackpack]/" done in 11.22 μs
[23:24:42] [main/TRACE] [REI] [REIServerPlugin END] Reloading Section: "post-register/DefaultRuntimePlugin of DefaultRuntimePlugin [roughlyenoughitems]/"
[23:24:42] [main/TRACE] [REI] [REIServerPlugin END] Reloading Section: "post-register/DefaultRuntimePlugin of DefaultRuntimePlugin [roughlyenoughitems]/" done in 7.985 μs
[23:24:42] [main/TRACE] [REI] [REIServerPlugin END] Reloading Section: "post-register/AddonReiCommonPlugin of AddonReiCommonPlugin [ad_astra_giselle_addon]/"
[23:24:42] [main/TRACE] [REI] [REIServerPlugin END] Reloading Section: "post-register/AddonReiCommonPlugin of AddonReiCommonPlugin [ad_astra_giselle_addon]/" done in 6.943 μs
[23:24:42] [main/TRACE] [REI] [REIServerPlugin END] Reloading Section: "post-register/" done in 417.2 μs
[23:24:42] [main/TRACE] [REI] [REIServerPlugin END] Reloading Section: "post-stage/"
[23:24:42] [main/TRACE] [REI] [REIServerPlugin END] Reloading Section: "post-stage/MenuInfoRegistryImpl/"
[23:24:42] [main/TRACE] [REI] [REIServerPlugin END] Reloading Section: "post-stage/MenuInfoRegistryImpl/" done in 5.149 μs
[23:24:42] [main/TRACE] [REI] [REIServerPlugin END] Reloading Section: "post-stage/SlotAccessorRegistryImpl/"
[23:24:42] [main/TRACE] [REI] [REIServerPlugin END] Reloading Section: "post-stage/SlotAccessorRegistryImpl/" done in 4.718 μs
[23:24:42] [main/TRACE] [REI] [REIServerPlugin END] Reloading Section: "post-stage/" done in 165.0 μs
[23:24:42] [main/DEBUG] [REI] ========================================
[23:24:42] [main/INFO] [REI] REIServerPlugin finished post-reload for END in 713.8 μs, totaling 12.99 ms.
[23:24:42] [main/DEBUG] [REI] ========================================
